call_id,caller_age_days,calls_per_day,call_duration_sec,avg_call_duration_sec,unique_receivers_24h,receiver_block_rate,spam_reports_count,country_code_risk_score,night_call_ratio,sequential_dialing_score,graph_degree,previous_fraud_associations,reputation_score,fraud_label
CALL0000522,1882,47,843,71.1,8,29.64,2,32.99,25.71,15.76,240,7,58.29,0
CALL0000738,3521,22,285,72.5,1,17.42,7,36.74,3.36,30.92,34,5,75.89,0
CALL0000741,1058,29,700,175.7,4,18.99,7,16.91,30.13,41.44,20,3,62.1,0
CALL0000661,2820,44,851,194.7,3,9.69,4,40.18,32.16,36.7,40,3,92.27,0
CALL0000412,2600,48,333,490.3,12,12.82,0,36.86,21.79,49.13,74,5,55.76,0
CALL0000679,2047,48,368,592.7,3,25.26,5,32.72,10.32,39.66,84,5,51.78,0
CALL0000627,2096,47,346,599.0,16,15.38,5,23.16,14.71,7.55,258,0,65.8,0
CALL0000514,3135,22,306,425.0,11,9.01,1,35.97,28.91,36.66,78,4,66.51,0
CALL0000860,2211,38,546,480.2,13,16.56,4,47.41,43.71,38.06,247,3,65.8,0
CALL0000137,81,1156,69,17.1,194,65.8,94,42.62,74.87,51.63,565,18,38.92,1
CALL0000812,3565,23,425,192.2,19,29.27,5,7.09,16.59,7.9,80,7,63.31,0
CALL0000077,8,246,94,94.8,298,84.79,66,56.03,70.73,79.35,402,38,41.86,1
CALL0000637,704,33,334,261.4,4,11.22,0,15.71,2.87,15.9,268,7,94.61,0
CALL0000974,856,5,454,213.1,17,19.71,5,24.06,0.14,27.9,86,3,63.44,0
CALL0000939,3380,17,602,430.6,8,12.22,3,1.2,31.06,27.83,3,4,95.13,0
CALL0000900,2732,11,282,338.7,10,28.89,7,50.12,21.52,47.85,102,2,54.44,0
CALL0000281,297,40,832,378.6,11,27.69,7,49.27,29.9,43.47,34,6,61.3,0
CALL0000884,3615,36,56,401.2,7,9.87,6,7.54,19.78,32.74,188,5,73.85,0
CALL0000762,531,35,384,151.5,17,25.05,3,42.7,16.69,6.63,57,0,61.32,0
CALL0000320,3297,2,129,419.0,15,14.56,7,46.56,25.1,32.4,226,0,74.54,0
CALL0000550,1598,7,500,573.7,5,26.63,7,47.14,35.54,37.14,5,3,65.57,0
CALL0000175,14,379,119,67.5,247,91.97,103,67.46,98.46,93.45,867,17,44.15,1
CALL0000372,2733,34,396,544.4,4,16.82,4,3.03,12.79,41.11,67,4,77.94,0
CALL0000528,480,43,651,242.6,16,29.51,3,52.33,24.57,47.54,215,5,79.35,0
CALL0000211,1074,23,594,648.8,17,12.87,4,8.68,21.24,35.98,133,3,56.59,0
CALL0000236,1953,19,113,600.8,16,2.15,1,38.36,41.79,36.38,105,3,85.24,0
CALL0000102,95,1114,12,2.2,63,77.88,75,93.32,66.86,75.98,420,30,17.98,1
CALL0000987,2493,25,645,310.5,14,20.78,4,42.22,27.01,25.73,205,5,77.91,0
CALL0000903,1772,22,488,697.1,10,3.26,5,50.09,28.0,45.08,125,1,89.24,0
CALL0000948,558,26,569,250.1,5,26.88,2,13.47,24.98,0.12,115,3,89.35,0
CALL0000347,1520,23,166,163.8,8,3.29,5,24.93,3.11,49.61,67,1,80.71,0
CALL0000140,35,1054,94,95.0,74,33.78,56,59.41,52.7,49.81,518,18,24.21,1
CALL0000622,2579,1,234,525.5,3,6.81,6,48.61,19.45,0.44,136,5,76.19,0
CALL0000500,659,43,332,273.6,10,12.57,0,3.22,32.44,24.08,103,6,61.35,0
CALL0000371,239,18,438,353.1,1,25.58,5,3.85,42.54,8.52,90,2,83.72,0
CALL0000199,29,1411,44,44.3,269,75.47,89,50.59,57.53,43.45,636,16,41.77,1
CALL0000688,1359,38,687,423.1,2,10.5,2,49.52,25.13,10.89,133,6,51.02,0
CALL0000585,1855,15,663,407.9,9,4.93,2,15.5,22.07,18.76,250,4,61.98,0
CALL0000902,2372,10,832,617.9,15,5.6,6,4.88,1.82,48.11,229,4,58.3,0
CALL0000060,39,983,54,35.7,71,60.3,104,70.69,66.59,53.84,869,13,2.37,1
CALL0000329,1777,23,295,421.1,16,1.95,7,24.33,27.87,19.76,35,5,57.33,0
CALL0000097,34,1427,90,38.1,256,40.34,103,55.28,44.51,62.16,729,22,1.94,1
CALL0000313,1949,40,102,263.4,15,22.25,0,51.13,19.52,1.7,140,3,84.33,0
CALL0000975,2860,27,600,128.3,12,16.16,1,7.95,36.48,39.39,275,4,79.47,0
CALL0000300,2524,35,432,596.1,10,16.79,3,46.16,40.49,6.9,251,5,73.44,0
CALL0000278,1280,15,807,572.5,5,18.55,4,35.79,12.0,30.32,146,6,59.38,0
CALL0000925,3340,1,738,235.0,9,6.43,4,26.14,21.76,46.61,93,5,68.81,0
CALL0000602,860,17,441,77.2,8,18.14,0,13.97,31.73,48.14,196,5,82.9,0
CALL0000440,3548,21,324,509.1,18,11.68,0,24.79,41.97,45.43,120,6,63.14,0
CALL0000838,2807,36,466,416.5,14,10.72,7,52.93,9.5,29.53,146,2,69.17,0
CALL0000571,1877,25,514,315.0,2,15.36,7,46.45,25.85,11.76,94,5,80.3,0
CALL0000880,1657,27,211,512.9,2,0.62,1,9.61,2.63,32.07,209,0,97.58,0
CALL0000262,3201,47,351,201.1,7,20.04,4,44.12,24.83,17.79,47,7,71.3,0
CALL0000579,1931,41,443,125.6,11,17.17,5,48.97,12.16,48.19,85,6,86.38,0
CALL0000024,108,809,60,37.8,254,53.23,95,97.85,40.97,66.34,135,19,53.9,1
CALL0000031,33,1497,8,75.7,298,77.02,70,74.71,50.59,53.64,747,33,18.6,1
CALL0000618,1231,31,170,539.1,14,17.34,1,50.68,23.78,11.88,48,6,90.41,0
CALL0000011,87,1151,43,28.9,334,42.91,52,58.56,88.82,79.49,852,37,42.31,1
CALL0000222,1371,4,88,478.4,4,29.32,4,33.05,8.82,22.83,245,3,75.92,0
CALL0000821,2320,19,91,653.8,19,13.23,1,3.96,31.78,21.23,152,3,70.1,0
CALL0000297,1159,31,582,610.4,13,19.78,5,30.69,5.48,21.11,143,5,56.27,0
CALL0000055,101,222,49,49.9,326,66.09,60,73.77,40.99,83.24,441,16,36.09,1
CALL0000543,1179,42,454,425.5,8,0.41,4,5.32,19.42,49.41,169,1,59.29,0
CALL0000210,2497,24,155,230.1,4,28.72,4,4.02,29.76,5.24,197,7,66.05,0
CALL0000605,1499,7,392,621.6,19,20.88,1,32.15,38.25,24.1,32,4,64.55,0
CALL0000693,801,44,765,561.8,18,7.24,2,47.71,19.73,48.93,201,4,90.97,0
CALL0000663,461,43,102,405.2,3,9.35,4,22.94,31.08,9.71,189,3,69.1,0
CALL0000867,1016,28,85,411.8,15,25.33,0,44.8,29.31,15.53,55,0,92.2,0
CALL0000071,84,1472,103,9.1,127,73.07,84,40.56,47.08,46.67,541,36,27.96,1
CALL0000544,2420,47,659,283.5,3,22.88,0,26.62,12.43,19.5,116,0,74.22,0
CALL0000108,62,1254,34,8.3,203,70.25,86,53.6,97.45,66.22,555,26,24.67,1
CALL0000494,732,21,743,437.5,19,20.95,4,24.24,12.01,48.02,58,6,72.21,0
CALL0000591,1285,40,569,216.0,17,20.82,0,24.87,42.33,12.69,141,1,50.41,0
CALL0000742,373,3,153,467.0,18,15.61,1,31.85,24.48,39.43,69,0,59.2,0
CALL0000293,1927,46,698,521.3,7,24.17,5,10.39,23.77,34.93,291,5,98.21,0
CALL0000290,2179,23,468,87.0,10,10.1,1,39.89,9.31,6.01,166,0,85.63,0
CALL0000653,2594,13,236,66.8,4,8.28,1,42.26,20.16,38.06,126,6,80.55,0
CALL0000040,42,798,98,90.6,409,38.58,82,64.88,92.76,63.45,741,37,6.68,1
CALL0000590,2724,26,263,292.7,14,13.55,7,8.8,31.83,16.11,95,7,95.37,0
CALL0000308,1878,45,864,364.1,10,14.3,6,54.0,1.64,9.77,293,3,50.47,0
CALL0000680,1912,26,688,683.5,15,1.01,0,5.61,12.65,31.49,280,0,85.15,0
CALL0000067,9,1247,60,70.4,395,92.07,58,50.94,61.88,54.4,215,39,46.24,1
CALL0000276,2269,37,612,246.6,12,5.07,4,21.45,20.11,8.0,220,7,67.59,0
CALL0000068,90,286,108,8.2,95,56.49,83,62.65,30.08,89.02,363,38,40.3,1
CALL0000319,2305,2,472,164.1,8,7.17,1,20.69,28.72,19.41,78,1,55.31,0
CALL0000549,1859,6,105,285.7,3,11.74,7,50.42,13.46,24.79,100,4,80.11,0
CALL0000999,2394,3,404,670.5,16,12.96,2,37.57,39.69,29.73,156,6,54.14,0
CALL0000715,1927,20,775,342.5,17,21.08,7,4.42,23.12,29.49,208,6,75.91,0
CALL0000754,619,29,397,308.0,13,26.04,7,39.28,1.11,1.56,138,3,92.37,0
CALL0000328,3368,8,183,141.8,3,23.09,1,47.86,29.46,10.58,194,5,96.17,0
CALL0000383,2507,32,70,182.9,13,3.87,0,35.84,6.05,32.09,91,2,84.77,0
CALL0000452,537,41,474,292.1,7,28.44,7,3.58,20.59,41.99,85,1,52.74,0
CALL0000523,1765,38,573,478.2,9,14.61,2,27.05,2.51,7.18,24,5,67.44,0
CALL0000219,2201,28,875,444.5,3,6.26,0,10.22,37.27,40.18,149,2,58.08,0
CALL0000788,1901,17,474,241.1,6,3.46,4,37.68,35.1,40.58,274,3,83.88,0
CALL0000437,675,25,419,676.2,11,23.96,0,16.01,24.43,13.73,54,1,58.71,0
CALL0000765,2288,27,733,566.0,19,13.81,3,24.09,32.81,22.12,248,2,88.06,0
CALL0000089,106,362,17,47.4,75,90.5,63,56.36,92.64,78.38,614,30,40.32,1
CALL0000064,60,243,97,62.2,182,81.59,86,67.25,92.92,97.74,453,27,44.98,1
CALL0000827,2023,27,251,68.1,1,1.75,1,48.24,30.41,24.63,141,6,54.19,0
CALL0000717,1717,22,352,615.9,5,12.33,1,47.37,22.42,37.14,11,7,69.53,0
CALL0000352,1104,8,102,212.3,14,29.11,3,20.54,32.44,44.04,19,6,77.06,0
CALL0000937,1577,20,479,87.1,18,9.35,6,49.4,30.55,48.9,218,6,80.26,0
CALL0000257,792,41,247,335.8,10,6.43,1,44.37,38.97,25.85,217,6,91.69,0
CALL0000636,2011,11,823,422.5,8,21.57,2,41.45,12.59,18.95,61,7,75.13,0
CALL0000645,1629,5,782,274.8,6,7.5,4,44.58,18.26,18.92,25,3,72.06,0
CALL0000555,3259,7,314,363.4,12,28.87,6,44.15,16.38,33.2,121,0,64.64,0
CALL0000960,2682,14,707,283.1,9,2.88,2,34.23,19.22,22.92,134,6,82.26,0
CALL0000169,78,576,69,25.5,278,98.78,84,94.88,32.03,70.4,677,28,51.74,1
CALL0000918,2885,24,236,539.8,1,17.44,7,11.41,33.74,4.35,162,5,78.86,0
CALL0000529,623,25,206,659.9,15,1.6,4,21.71,12.83,36.51,54,0,78.48,0
CALL0000824,3459,46,268,58.9,12,24.81,2,28.17,0.16,33.18,151,3,79.34,0
CALL0000986,3411,10,684,280.6,14,4.99,2,31.58,20.91,19.96,33,2,70.87,0
CALL0000817,1881,29,347,79.2,1,3.94,3,16.51,7.67,19.47,265,7,50.99,0
CALL0000087,6,250,30,49.8,110,69.32,100,82.22,82.24,57.03,499,15,11.22,1
CALL0000433,1449,11,519,625.2,1,21.05,5,23.34,21.94,11.5,175,7,50.25,0
CALL0000185,63,290,35,56.5,201,60.41,84,51.39,73.65,48.83,932,12,8.74,1
CALL0000979,2311,13,487,90.3,3,8.06,2,42.38,9.47,44.39,112,7,89.18,0
CALL0000535,861,28,242,275.9,15,0.75,4,12.76,22.23,48.81,216,1,55.47,0
CALL0000295,2054,4,259,483.7,17,2.64,1,1.98,21.82,14.86,128,4,60.2,0
CALL0000893,2041,31,480,302.7,7,20.29,0,51.3,6.72,5.84,27,1,62.09,0
CALL0000426,1618,21,899,656.6,3,22.57,1,25.82,10.34,21.99,254,2,66.57,0
CALL0000714,596,17,664,112.0,6,1.92,0,14.3,39.2,3.58,217,3,89.12,0
CALL0000261,2275,30,46,244.6,12,25.75,5,9.18,33.67,28.38,105,6,92.24,0
CALL0000238,2552,3,420,267.9,9,3.67,0,14.15,30.05,46.85,175,6,72.72,0
CALL0000560,2052,36,701,585.4,2,4.37,7,53.96,19.98,8.67,177,0,73.51,0
CALL0000584,1821,13,528,280.5,16,2.83,4,53.24,31.25,32.28,114,0,50.35,0
CALL0000446,1898,42,678,337.8,18,29.3,1,4.23,42.04,28.47,159,0,85.96,0
CALL0000868,3128,12,395,272.8,4,13.2,6,11.65,40.05,5.93,108,1,95.47,0
CALL0000801,3233,19,763,442.0,10,19.21,6,16.49,36.5,8.01,119,2,73.64,0
CALL0000600,1692,22,147,151.9,8,25.61,4,41.77,8.95,20.17,217,0,93.8,0
CALL0000850,3467,45,421,503.6,5,13.53,7,19.02,15.21,25.54,99,1,96.18,0
CALL0000266,376,26,441,488.1,11,27.91,0,6.71,27.21,22.64,147,2,76.55,0
CALL0000996,1217,8,433,578.9,7,27.31,1,45.25,11.2,20.34,259,7,55.17,0
CALL0000530,3103,36,391,582.2,3,2.99,2,23.92,42.68,2.7,294,3,74.16,0
CALL0000056,51,500,52,6.7,54,54.76,91,87.43,44.06,49.58,937,37,9.76,1
CALL0000121,41,252,63,89.1,343,93.65,87,70.98,94.53,48.79,762,29,26.45,1
CALL0000216,3341,14,126,70.6,7,7.64,3,28.64,24.64,16.78,2,1,79.43,0
CALL0000026,38,417,57,34.7,284,34.37,65,78.15,95.16,72.93,840,11,32.03,1
CALL0000073,111,863,6,98.7,350,94.85,107,45.22,45.56,94.2,552,31,31.08,1
CALL0000045,62,954,86,57.8,401,81.14,68,70.82,51.52,97.41,248,25,44.88,1
CALL0000248,3449,22,433,199.1,13,23.33,1,14.96,24.06,36.0,193,5,75.36,0
CALL0000722,3439,37,861,370.1,5,24.37,3,36.39,15.5,16.84,172,3,89.7,0
CALL0000282,3415,8,237,143.7,4,22.89,0,50.67,35.3,28.46,96,5,73.99,0
CALL0000894,2509,42,394,206.2,10,6.26,5,50.05,3.39,34.77,60,5,70.66,0
CALL0000915,276,36,462,426.0,7,9.49,3,19.37,23.8,8.64,217,1,96.28,0
CALL0000811,1728,4,207,535.6,3,29.24,2,18.73,1.79,5.74,192,6,65.88,0
CALL0000245,2692,32,851,300.6,18,10.27,2,36.11,34.53,15.83,45,2,53.43,0
CALL0000823,1253,39,534,352.5,16,10.93,4,27.02,17.81,8.62,268,1,50.59,0
CALL0000322,646,13,537,368.3,19,2.34,4,45.65,15.17,2.8,281,7,61.06,0
CALL0000644,971,46,222,523.4,16,28.75,5,20.77,25.8,46.85,293,4,60.11,0
CALL0000159,99,1119,69,28.1,150,55.01,78,72.08,96.29,50.93,561,36,32.33,1
CALL0000978,2246,40,211,295.6,17,18.9,1,18.13,41.17,6.9,288,2,89.61,0
CALL0000430,2099,33,805,256.4,12,28.15,0,16.11,22.64,39.63,115,0,96.57,0
CALL0000942,3189,48,77,464.6,10,8.92,2,13.4,44.85,21.28,118,6,99.78,0
CALL0000463,3109,13,578,356.1,5,14.28,7,26.12,11.09,42.11,73,3,55.0,0
CALL0000310,2991,38,748,284.9,3,27.62,1,17.37,7.05,17.96,1,7,92.51,0
CALL0000698,517,43,780,683.0,2,11.06,1,14.56,27.39,12.67,113,3,99.58,0
CALL0000061,18,297,107,12.6,454,56.01,61,65.18,31.23,96.84,713,37,9.06,1
CALL0000885,642,39,305,603.2,3,10.55,1,5.61,11.89,20.87,138,5,61.15,0
CALL0000596,1258,11,588,477.8,19,16.05,1,42.09,7.66,39.77,16,3,82.63,0
CALL0000768,304,17,600,613.0,3,19.2,2,19.22,26.38,6.38,263,4,76.01,0
CALL0000650,393,14,280,559.1,10,9.7,2,51.57,7.99,15.34,142,2,82.72,0
CALL0000651,2207,10,794,222.9,1,15.83,6,17.65,26.91,7.97,134,0,74.8,0
CALL0000866,2642,4,246,482.3,1,1.56,6,12.62,23.15,6.6,136,1,52.27,0
CALL0000669,2340,13,627,633.7,14,7.32,6,38.42,14.0,6.38,228,3,80.82,0
CALL0000299,2638,11,137,399.7,5,8.37,5,36.83,11.19,11.64,90,7,87.33,0
CALL0000690,603,26,413,68.6,12,16.39,7,38.03,29.32,45.67,252,0,94.44,0
CALL0000315,2851,34,381,545.6,13,2.65,7,30.67,3.44,44.61,44,4,65.31,0
CALL0000311,2460,16,312,608.9,6,0.46,4,35.46,8.31,0.52,60,1,84.13,0
CALL0000362,2633,4,399,111.0,18,9.61,1,34.38,40.85,32.43,22,1,75.65,0
CALL0000480,323,45,851,254.0,1,1.25,1,7.81,29.82,17.39,16,7,54.84,0
CALL0000111,80,153,48,52.8,361,95.36,67,42.77,86.68,49.94,260,37,32.62,1
CALL0000990,675,4,783,319.6,1,29.57,7,48.65,13.69,19.47,268,0,79.99,0
CALL0000487,2763,36,783,590.1,4,17.5,6,30.12,2.21,5.13,20,2,71.65,0
CALL0000364,1047,23,83,648.5,11,1.78,1,30.47,24.08,9.0,39,7,96.2,0
CALL0000255,3262,12,598,543.5,18,19.1,6,19.94,8.7,21.63,30,6,64.87,0
CALL0000260,3625,30,231,262.1,5,16.84,0,21.16,16.1,45.31,148,1,69.63,0
CALL0000803,1436,7,679,424.0,1,29.93,1,9.63,29.9,6.72,81,7,78.97,0
CALL0000678,2075,35,442,65.4,15,6.41,1,49.97,9.56,35.17,28,7,63.12,0
CALL0000495,2474,28,889,332.0,19,2.59,0,18.3,40.69,34.69,93,0,99.88,0
CALL0000671,3000,31,454,305.5,15,21.51,5,38.77,29.99,26.3,22,4,66.85,0
CALL0000378,812,31,277,550.1,6,18.14,4,10.08,39.02,25.54,86,7,55.64,0
CALL0000527,2104,29,577,419.2,17,21.32,3,27.53,22.73,33.07,104,2,61.68,0
CALL0000846,3561,34,369,143.1,2,1.29,2,24.4,14.48,22.78,150,0,67.99,0
CALL0000138,8,787,47,91.2,62,70.8,106,90.28,63.07,68.27,410,26,43.37,1
CALL0000356,1327,28,829,565.2,4,8.63,3,15.99,23.32,0.22,87,4,75.06,0
CALL0000366,3124,18,448,239.4,18,27.39,3,5.4,18.51,47.03,170,2,70.7,0
CALL0000943,582,47,240,583.0,13,10.7,4,11.78,33.81,15.54,154,4,74.63,0
CALL0000750,1881,34,230,487.0,2,7.82,0,36.72,27.34,20.98,269,0,69.36,0
CALL0000949,1035,15,738,448.9,13,3.19,1,44.3,34.32,29.85,13,2,85.33,0
CALL0000830,1379,35,714,406.3,11,27.86,5,46.93,23.53,29.79,193,1,83.39,0
CALL0000657,1310,30,823,128.3,3,11.65,2,40.34,24.5,25.38,63,4,61.33,0
CALL0000200,36,953,29,90.5,124,31.87,66,84.47,89.2,48.36,178,28,24.74,1
CALL0000214,889,11,169,280.7,4,15.8,0,3.94,2.82,12.52,41,3,89.04,0
CALL0000409,446,19,557,131.6,11,4.0,6,9.87,20.68,1.74,13,4,99.48,0
CALL0000333,2926,39,691,168.8,7,1.68,0,22.03,41.55,25.23,264,3,60.71,0
CALL0000209,2843,33,41,422.2,2,21.48,0,54.27,16.36,18.96,260,2,75.0,0
CALL0000614,681,8,204,645.7,6,13.01,0,5.24,4.57,24.37,141,7,61.58,0
CALL0000079,35,963,99,75.6,170,66.81,79,45.41,97.92,60.57,307,14,25.39,1
CALL0000030,21,763,65,75.3,160,47.57,103,42.61,86.99,47.26,172,38,7.05,1
CALL0000536,2167,16,858,82.7,2,23.26,0,53.17,7.32,26.66,184,2,87.41,0
CALL0000696,2168,17,547,432.4,14,21.15,5,13.93,39.22,20.7,89,2,79.98,0
CALL0000558,1133,16,628,297.6,9,8.43,4,46.65,1.86,36.58,266,3,72.47,0
CALL0000837,3346,40,615,425.0,2,14.39,1,16.42,44.56,35.23,124,2,72.52,0
CALL0000597,978,15,787,95.6,17,12.23,0,39.5,34.24,9.14,44,6,83.54,0
CALL0000166,99,1295,58,77.1,489,40.26,108,49.46,67.49,46.63,498,32,15.02,1
CALL0000919,1723,2,797,617.4,11,5.08,3,11.32,43.41,32.54,201,7,84.39,0
CALL0000496,1536,40,50,156.9,16,25.9,1,49.96,14.5,40.09,221,2,91.68,0
CALL0000825,3635,28,224,103.0,8,21.07,2,18.06,5.5,42.64,207,6,75.02,0
CALL0000066,114,1324,53,9.3,61,46.02,79,40.01,42.8,41.03,897,29,27.82,1
CALL0000142,5,1498,62,61.7,443,85.4,94,83.38,81.36,70.86,242,10,18.05,1
CALL0000926,3436,47,882,338.0,13,4.41,3,51.93,4.31,36.06,42,5,55.01,0
CALL0000828,1674,4,90,460.4,4,12.86,4,51.69,18.84,48.78,96,6,84.01,0
CALL0000656,1992,3,445,497.2,17,1.57,2,6.5,21.89,19.04,226,1,87.79,0
CALL0000332,973,29,344,192.2,13,1.19,6,8.71,4.18,7.61,243,3,94.14,0
CALL0000665,482,33,853,154.1,16,12.39,4,30.2,18.77,44.9,104,0,85.97,0
CALL0000250,1094,3,821,224.6,6,5.54,5,22.72,10.93,12.92,65,2,65.62,0
CALL0000908,2893,25,530,311.8,15,21.13,3,22.21,28.96,21.9,276,2,56.31,0
CALL0000709,2012,47,362,573.7,16,25.76,6,41.2,29.32,18.32,252,6,73.42,0
CALL0000306,1083,32,338,532.1,3,22.14,2,46.5,5.98,15.89,98,4,65.56,0
CALL0000735,2849,8,443,315.5,18,8.31,6,44.37,25.67,9.55,61,4,67.19,0
CALL0000976,2411,16,540,430.0,1,20.35,5,52.17,4.03,27.11,227,5,80.45,0
CALL0000050,108,829,62,67.6,483,43.91,51,68.38,89.9,71.4,166,13,41.53,1
CALL0000897,1110,34,380,112.8,4,3.98,7,18.66,33.92,7.17,69,5,93.54,0
CALL0000003,93,1366,27,2.8,215,47.8,73,75.3,83.19,75.32,362,37,5.41,1
CALL0000545,3598,30,290,585.3,16,26.81,1,1.54,39.96,2.47,141,5,91.43,0
CALL0000351,2814,36,449,618.1,17,28.99,2,44.68,18.77,24.66,74,0,96.8,0
CALL0000905,323,4,528,578.1,12,17.4,0,5.2,22.57,40.2,236,5,70.81,0
CALL0000537,282,47,166,84.3,13,4.12,2,8.05,44.02,45.28,27,2,56.78,0
CALL0000345,2755,31,36,599.3,16,10.04,1,43.01,27.64,40.18,175,7,99.66,0
CALL0000995,757,37,463,89.9,8,23.44,4,1.38,19.2,20.72,297,2,91.85,0
CALL0000482,1167,34,865,226.6,18,29.37,3,15.52,36.89,48.99,160,3,72.53,0
CALL0000576,2581,40,691,514.6,3,29.0,7,5.07,15.92,34.1,46,7,88.07,0
CALL0000034,22,541,14,51.0,385,62.54,104,67.92,45.87,53.26,169,32,20.47,1
CALL0000032,76,1356,110,11.2,200,82.46,63,98.96,87.96,43.05,452,24,51.04,1
CALL0000232,2561,49,708,633.3,17,29.26,6,38.66,42.62,27.49,49,5,65.24,0
CALL0000964,2351,4,218,87.0,5,23.89,3,12.35,0.34,7.92,176,1,75.22,0
CALL0000193,101,117,67,22.1,278,48.68,58,47.58,70.91,58.42,582,23,15.52,1
CALL0000334,2014,39,589,586.7,15,25.04,1,52.39,31.05,40.1,10,0,81.64,0
CALL0000004,15,1209,106,10.3,384,41.79,72,67.12,95.36,63.4,696,21,36.32,1
CALL0000205,2036,6,493,398.4,6,22.48,1,21.1,28.93,35.69,57,2,50.92,0
CALL0000515,2805,17,90,351.6,7,23.42,7,53.32,1.15,34.33,78,4,63.46,0
CALL0000800,2198,26,635,436.3,9,8.33,0,54.96,23.83,2.68,168,4,92.94,0
CALL0000307,2461,34,831,370.2,19,1.2,6,28.05,27.08,48.66,120,5,81.83,0
CALL0000110,85,251,118,97.0,236,61.88,55,47.1,77.83,74.64,899,26,48.74,1
CALL0000431,2704,24,720,601.3,8,8.34,1,31.51,27.27,41.95,67,4,90.22,0
CALL0000078,47,1271,47,98.6,96,72.79,59,63.5,59.89,74.05,410,31,8.8,1
CALL0000085,4,740,114,90.7,368,81.33,66,57.52,79.81,84.39,111,30,22.08,1
CALL0000287,787,35,195,348.7,2,18.11,3,33.76,17.3,30.77,111,3,85.85,0
CALL0000083,50,437,16,56.3,399,51.51,72,40.2,57.29,91.12,732,39,54.55,1
CALL0000992,1407,23,122,478.8,10,7.38,2,41.65,7.21,45.74,70,3,88.97,0
CALL0000790,2135,34,296,547.5,8,7.8,5,54.61,37.35,23.45,172,1,98.16,0
CALL0000895,2050,10,888,111.7,7,10.64,7,43.19,36.57,22.13,202,4,61.61,0
CALL0000399,1212,19,98,82.2,19,22.72,7,25.74,20.84,41.6,225,2,94.68,0
CALL0000324,1983,31,442,199.4,13,25.14,4,42.16,19.53,27.53,132,5,62.11,0
CALL0000520,1039,25,778,436.7,15,28.2,7,29.52,34.15,18.55,7,0,69.32,0
CALL0000917,2678,41,724,505.4,15,1.1,7,24.47,26.05,35.28,293,7,74.33,0
CALL0000923,1501,39,544,171.3,11,14.88,2,12.12,23.89,12.47,273,4,53.61,0
CALL0000006,72,781,90,8.0,296,94.13,57,44.59,83.2,53.85,934,22,14.58,1
CALL0000732,3511,42,648,147.0,6,4.78,5,43.67,5.01,48.48,180,5,95.68,0
CALL0000466,923,13,559,540.0,2,12.06,0,24.55,40.29,11.58,270,1,91.46,0
CALL0000098,74,353,117,29.3,352,45.82,71,74.72,53.88,57.52,616,30,41.02,1
CALL0000267,728,49,347,90.7,15,15.87,3,34.92,22.25,42.85,72,2,90.37,0
CALL0000358,2801,24,205,537.7,6,13.72,3,40.07,36.22,34.06,269,7,62.62,0
CALL0000869,2029,38,728,137.5,13,10.34,0,12.53,19.88,49.29,258,1,90.95,0
CALL0000799,3582,12,415,489.7,19,22.1,5,31.91,22.9,26.59,54,4,66.5,0
CALL0000381,887,26,72,161.0,7,27.98,7,16.46,5.77,23.82,108,1,88.79,0
CALL0000632,605,49,46,598.7,7,4.27,4,25.51,29.28,43.68,104,5,57.39,0
CALL0000382,812,18,406,69.8,13,17.31,1,14.36,42.57,18.24,165,2,97.76,0
CALL0000491,2029,6,67,237.2,2,14.31,1,30.79,36.58,7.02,111,1,80.64,0
CALL0000119,60,609,103,28.8,288,68.99,86,70.58,72.29,88.01,903,13,5.11,1
CALL0000901,2369,32,810,395.7,19,18.89,4,35.23,28.94,16.57,95,4,84.63,0
CALL0000251,2737,10,367,115.6,12,12.97,4,3.77,9.45,1.14,282,0,90.91,0
CALL0000524,2246,17,596,396.0,13,5.46,1,34.62,6.41,10.77,214,6,87.02,0
CALL0000010,83,895,9,81.6,182,83.1,86,46.08,35.15,66.48,266,38,16.25,1
CALL0000197,15,785,74,59.4,55,40.77,58,89.57,75.0,55.16,581,24,13.73,1
CALL0000604,1527,44,613,159.3,16,16.36,2,10.93,24.37,21.09,56,7,94.59,0
CALL0000082,36,650,52,77.9,105,40.47,95,83.2,76.95,58.77,769,11,39.96,1
CALL0000784,2701,41,499,581.9,12,26.05,2,31.79,26.63,9.07,224,1,81.06,0
CALL0000588,894,26,703,579.5,12,0.52,7,31.19,20.53,15.26,239,4,58.83,0
CALL0000798,2056,35,266,260.8,11,3.46,5,46.19,8.57,14.17,242,3,75.58,0
CALL0000240,570,13,244,684.0,11,24.49,6,12.3,15.62,11.76,211,6,69.36,0
CALL0000291,770,9,324,322.1,16,15.63,0,5.65,21.97,0.78,128,6,86.72,0
CALL0000212,1664,15,360,429.1,4,14.31,1,3.85,9.03,25.24,255,2,68.78,0
CALL0000718,1106,29,880,104.3,5,9.95,3,35.22,30.07,25.54,287,6,94.35,0
CALL0000360,667,22,686,347.9,5,22.76,2,35.98,31.2,5.78,28,0,50.75,0
CALL0000450,2554,39,882,658.1,19,26.1,0,28.65,17.3,34.71,165,5,68.24,0
CALL0000228,1095,8,755,236.2,3,21.87,5,43.55,19.38,17.16,83,4,77.96,0
CALL0000951,1827,32,344,576.5,17,27.22,1,27.09,37.85,14.47,257,1,93.02,0
CALL0000947,338,3,724,214.0,16,8.04,1,3.83,1.49,36.69,120,1,88.77,0
CALL0000797,2482,21,69,600.5,3,21.34,6,25.28,20.29,15.93,183,5,63.06,0
CALL0000502,592,13,624,478.1,1,6.2,3,15.32,11.61,31.63,110,6,65.15,0
CALL0000465,488,37,121,538.3,9,10.71,2,15.16,13.67,20.58,232,2,83.92,0
CALL0000363,3022,13,824,366.0,13,27.75,1,28.51,5.6,35.63,101,3,78.6,0
CALL0000469,2153,2,691,581.3,6,26.54,1,42.41,5.04,11.46,116,5,68.61,0
CALL0000936,1777,6,712,105.9,17,22.67,5,27.55,42.13,9.37,3,3,80.02,0
CALL0000429,1587,37,779,491.0,8,10.97,4,41.1,17.16,22.72,61,0,76.03,0
CALL0000008,21,1112,104,84.6,100,69.44,106,97.09,62.68,66.08,473,29,4.52,1
CALL0000156,62,978,23,84.0,132,64.39,85,93.48,44.05,50.89,257,32,46.19,1
CALL0000542,2531,27,691,214.4,9,23.53,3,11.86,5.89,40.83,245,6,72.12,0
CALL0000441,2403,20,398,454.7,15,8.55,2,47.28,42.63,5.31,191,0,60.47,0
CALL0000483,1054,9,236,173.9,17,12.68,2,2.14,40.76,13.49,250,7,96.83,0
CALL0000423,845,47,533,69.6,13,24.9,3,29.62,18.49,10.63,111,1,74.02,0
CALL0000779,2960,45,887,497.9,18,26.33,0,1.21,15.86,24.37,237,6,66.53,0
CALL0000950,1722,36,220,633.7,18,19.73,3,46.98,24.23,45.81,69,3,62.69,0
CALL0000335,2848,1,277,235.7,7,3.63,4,18.26,5.81,22.13,166,3,87.97,0
CALL0000577,2469,3,787,94.5,3,28.35,6,14.52,10.61,3.27,46,6,87.9,0
CALL0000935,3146,6,48,401.9,17,17.85,3,21.71,26.73,46.94,20,0,68.28,0
CALL0000568,3647,8,645,395.5,12,2.57,7,2.34,9.73,6.43,19,1,68.64,0
CALL0000595,2515,20,276,489.3,7,16.19,1,1.46,24.55,47.16,97,1,94.55,0
CALL0000531,469,26,343,689.3,5,21.64,2,39.59,37.93,44.22,203,7,77.44,0
CALL0000582,1999,34,264,480.2,19,24.34,7,11.18,42.49,6.1,157,4,75.11,0
CALL0000708,1055,36,863,591.0,17,23.35,3,18.93,37.66,32.89,100,5,51.59,0
CALL0000449,240,48,216,592.5,8,13.09,6,17.99,18.36,12.94,257,3,78.23,0
CALL0000454,1298,47,392,90.2,16,9.85,0,47.25,12.1,31.87,47,1,94.48,0
CALL0000229,2389,45,226,571.7,15,18.05,7,17.05,21.23,46.22,131,5,62.72,0
CALL0000353,758,20,266,221.1,16,25.97,1,29.31,41.33,20.7,156,2,88.34,0
CALL0000729,1332,43,872,573.5,11,19.9,5,19.99,43.27,1.0,109,1,80.74,0
CALL0000213,2443,27,312,435.3,11,26.95,0,34.8,27.12,35.47,220,4,83.55,0
CALL0000080,78,588,55,38.2,263,91.68,105,59.85,40.32,49.4,717,39,0.51,1
CALL0000149,72,537,48,81.2,160,53.94,51,96.77,52.93,63.59,338,27,51.32,1
CALL0000303,2630,14,396,291.5,15,27.69,4,46.98,23.46,9.99,101,1,80.17,0
CALL0000629,2273,41,669,296.4,8,29.01,5,3.65,43.92,46.81,134,1,51.88,0
CALL0000778,3389,26,605,657.4,17,4.45,0,51.96,35.53,47.05,106,6,98.7,0
CALL0000507,1338,10,169,634.0,18,15.43,2,3.99,3.66,0.84,296,7,87.39,0
CALL0000343,2515,25,330,106.6,10,17.37,4,24.9,9.14,11.14,26,4,73.2,0
CALL0000486,1802,7,32,329.5,1,21.55,2,33.14,12.87,22.6,180,3,51.47,0
CALL0000712,3312,43,561,581.2,7,20.65,7,19.66,36.82,17.19,173,4,81.18,0
CALL0000134,63,1318,29,31.6,175,38.6,89,63.08,60.26,96.32,506,19,3.22,1
CALL0000704,1567,42,854,293.6,16,2.13,5,19.72,41.13,37.94,221,5,55.95,0
CALL0000312,2326,2,807,314.4,12,16.63,5,19.9,16.49,41.98,250,6,63.24,0
CALL0000723,218,10,69,337.4,8,8.89,3,13.59,6.31,48.8,96,2,70.81,0
CALL0000630,1019,46,885,644.8,19,17.18,4,11.32,12.95,26.06,234,1,79.1,0
CALL0000001,103,624,23,7.9,357,89.72,104,64.35,84.43,40.53,419,13,10.19,1
CALL0000317,3248,16,355,177.7,3,15.59,3,36.25,8.3,27.23,108,5,96.55,0
CALL0000707,752,32,111,327.0,11,15.23,4,41.87,17.32,0.8,289,0,77.62,0
CALL0000548,3010,37,494,278.0,11,14.36,7,42.66,37.5,10.01,194,0,67.66,0
CALL0000873,1129,5,484,472.4,16,17.51,1,5.81,27.18,29.43,160,2,86.14,0
CALL0000533,2861,1,877,680.3,15,5.61,5,17.14,3.6,22.22,45,7,78.22,0
CALL0000478,2448,45,164,632.1,3,20.78,5,30.85,27.63,13.64,186,1,66.37,0
CALL0000405,1325,36,859,296.8,12,14.11,7,26.37,31.5,23.48,244,4,62.22,0
CALL0000173,90,198,24,61.0,199,81.75,96,92.02,84.71,50.31,305,32,46.31,1
CALL0000126,89,1286,67,46.9,168,59.27,91,92.95,63.42,72.42,440,12,30.84,1
CALL0000395,1352,28,76,154.4,13,22.84,7,31.74,40.07,2.95,44,6,76.78,0
CALL0000421,1595,25,348,202.4,16,27.41,1,49.05,22.61,35.49,13,7,78.64,0
CALL0000553,986,25,755,105.0,4,18.49,3,43.27,23.74,15.33,274,5,77.86,0
CALL0000904,2417,17,728,428.8,19,24.4,2,52.72,35.03,13.59,258,1,62.48,0
CALL0000091,54,445,19,12.8,306,86.67,89,42.66,81.69,94.61,641,32,10.34,1
CALL0000940,961,49,694,403.8,11,29.52,6,18.28,15.54,8.59,193,5,75.11,0
CALL0000182,42,799,24,52.5,367,83.51,96,72.81,83.54,79.61,263,22,24.03,1
CALL0000275,1737,25,233,364.9,18,18.06,5,10.42,26.45,43.84,107,1,72.5,0
CALL0000896,2372,32,704,254.7,2,3.87,3,2.05,33.88,47.25,250,7,74.52,0
CALL0000070,2,563,5,70.9,482,92.55,93,44.13,71.9,85.34,911,16,32.47,1
CALL0000292,810,34,248,348.0,14,6.01,4,26.05,39.53,15.23,237,3,56.9,0
CALL0000132,8,915,86,70.1,280,97.95,55,90.75,32.81,92.91,279,19,27.4,1
CALL0000301,731,8,625,693.1,10,10.48,0,12.63,41.0,9.91,280,0,89.07,0
CALL0000425,3648,21,416,484.1,16,28.07,4,14.32,34.73,11.06,23,2,77.97,0
CALL0000327,1267,3,624,480.1,13,15.2,3,31.72,0.92,41.15,109,4,78.72,0
CALL0000145,41,137,76,86.7,158,57.47,70,40.3,33.01,71.4,200,25,12.13,1
CALL0000424,2458,23,715,675.0,16,4.1,7,2.5,35.13,34.45,291,7,53.92,0
CALL0000581,1187,34,667,660.0,19,0.28,2,33.78,24.06,14.47,28,0,66.6,0
CALL0000136,115,739,92,68.8,74,90.02,61,68.12,70.94,62.42,295,26,43.17,1
CALL0000451,1142,28,799,170.7,10,5.5,1,51.8,35.78,2.08,77,7,96.71,0
CALL0000165,65,116,19,56.0,492,96.31,98,49.28,64.83,71.06,172,37,45.74,1
CALL0000029,60,783,20,43.5,420,85.88,86,79.53,66.36,98.21,998,27,36.11,1
CALL0000774,1489,18,430,264.7,6,20.78,4,51.41,10.18,40.17,246,3,89.35,0
CALL0000194,23,665,65,14.5,85,74.44,75,56.72,69.98,53.58,124,13,14.39,1
CALL0000389,2791,8,398,375.8,10,26.99,0,53.92,9.94,36.47,60,6,87.49,0
CALL0000853,1032,41,604,489.6,9,20.16,7,3.81,8.13,49.03,151,4,55.4,0
CALL0000170,3,1169,109,45.6,426,64.65,103,46.24,57.29,75.02,958,14,14.26,1
CALL0000706,1016,30,714,82.9,17,8.08,3,49.25,16.87,40.86,20,6,78.3,0
CALL0000141,33,569,110,72.8,117,53.13,59,94.96,62.44,76.42,505,18,8.11,1
CALL0000174,119,1160,80,23.6,326,44.48,73,96.72,75.2,61.29,887,14,10.24,1
CALL0000007,61,656,17,32.6,155,68.42,103,40.14,78.89,92.14,653,23,1.15,1
CALL0000746,926,10,748,243.2,9,9.38,7,25.8,25.1,2.11,206,6,81.27,0
CALL0000479,1883,23,602,641.0,3,19.87,5,7.2,39.11,42.77,261,6,95.32,0
CALL0000074,60,1054,109,38.1,460,73.31,71,42.22,41.1,75.44,944,23,37.89,1
CALL0000911,2243,38,195,254.9,18,22.45,1,52.73,15.47,0.86,125,5,85.17,0
CALL0000814,2524,20,887,135.1,2,24.67,7,35.35,6.75,19.9,194,4,57.99,0
CALL0000239,2138,5,620,93.6,4,9.9,3,46.48,41.03,8.31,259,6,84.83,0
CALL0000146,28,329,16,5.5,195,67.08,77,81.05,41.16,74.27,343,38,32.9,1
CALL0000793,2505,29,549,116.8,17,11.61,6,31.13,18.46,2.56,26,0,77.23,0
CALL0000235,3402,8,170,352.3,14,19.49,1,51.62,3.84,32.65,105,7,60.94,0
CALL0000221,3474,47,147,623.9,19,1.27,0,18.22,1.84,25.96,299,5,61.22,0
CALL0000924,267,6,237,66.7,6,27.45,5,18.37,27.71,46.4,188,6,89.23,0
CALL0000501,750,35,625,526.5,19,26.34,6,19.75,20.06,27.64,50,0,50.16,0
CALL0000133,88,1258,57,54.1,135,87.88,76,66.99,41.32,44.21,801,30,4.24,1
CALL0000991,1176,44,750,301.7,17,20.63,3,2.09,29.84,4.87,11,2,66.34,0
CALL0000775,1109,4,429,416.8,1,23.87,5,19.61,22.56,21.65,19,1,58.34,0
CALL0000186,96,352,33,87.8,360,57.65,101,44.96,55.73,65.01,209,33,33.56,1
CALL0000042,60,101,32,32.6,233,94.75,70,83.96,96.55,80.47,527,23,48.78,1
CALL0000697,903,43,745,308.5,8,6.6,4,23.57,44.95,43.01,125,7,84.02,0
CALL0000109,40,503,96,55.8,63,57.66,60,89.01,43.86,40.87,842,12,39.71,1
CALL0000589,3287,4,742,447.7,3,7.8,0,28.15,21.24,46.06,234,3,51.42,0
CALL0000057,7,866,42,55.4,141,90.53,51,71.77,36.29,51.11,229,29,29.98,1
CALL0000406,1729,18,343,570.9,9,4.52,1,25.6,32.03,29.96,152,4,86.41,0
CALL0000443,389,19,894,252.7,7,29.49,1,48.65,6.18,34.4,222,3,54.44,0
CALL0000758,2659,20,509,486.3,5,24.26,1,5.82,12.91,43.36,68,7,81.46,0
CALL0000998,1082,14,141,471.7,16,18.96,6,30.2,11.87,3.45,84,1,57.62,0
CALL0000025,30,748,7,77.9,175,39.27,92,93.3,62.33,90.99,843,34,33.1,1
CALL0000468,2519,31,92,637.8,9,17.54,3,52.17,38.68,41.33,52,1,51.15,0
CALL0000540,1649,28,576,197.2,13,12.91,4,12.98,16.45,22.09,103,6,97.75,0
CALL0000532,353,38,836,218.8,5,8.53,0,33.6,32.53,43.15,288,6,74.54,0
CALL0000619,3572,28,787,395.3,11,10.33,3,15.62,18.19,36.55,78,5,72.96,0
CALL0000695,540,34,563,76.2,6,12.39,3,10.63,27.22,31.17,250,6,92.25,0
CALL0000927,2552,23,154,451.1,8,22.79,2,51.31,34.59,38.31,107,1,81.63,0
CALL0000339,2956,13,443,143.0,17,7.95,5,5.5,2.06,24.57,23,2,66.91,0
CALL0000052,116,935,58,79.4,171,41.33,96,71.29,68.83,47.83,480,17,46.31,1
CALL0000508,845,46,473,309.7,2,8.8,1,30.06,8.7,24.11,34,7,96.84,0
CALL0000517,341,14,81,687.4,10,6.9,5,50.93,39.39,12.57,289,4,71.96,0
CALL0000921,2356,15,471,524.7,5,5.36,1,15.34,2.5,47.82,206,0,90.97,0
CALL0000782,970,10,514,556.7,9,3.29,6,10.24,8.72,41.1,150,5,95.23,0
CALL0000265,2670,8,354,281.0,1,21.61,5,20.8,35.69,36.41,258,7,87.1,0
CALL0000818,2667,8,765,527.2,6,19.54,0,40.79,26.18,8.62,290,6,84.88,0
CALL0000711,382,1,364,197.0,4,10.85,7,8.04,15.1,34.83,135,7,69.84,0
CALL0000683,1197,37,168,614.5,2,6.61,0,43.88,3.47,33.9,293,5,58.57,0
CALL0000833,1264,3,651,481.5,12,15.81,7,17.39,37.82,4.57,243,7,52.09,0
CALL0000519,700,35,182,93.7,9,10.05,7,7.32,4.35,29.3,276,6,83.57,0
CALL0000448,2793,37,597,273.2,15,24.08,4,18.77,11.45,37.85,150,2,71.1,0
CALL0000019,3,732,99,18.6,118,70.11,81,84.75,86.68,75.73,201,28,29.17,1
CALL0000716,3026,24,762,269.3,7,0.39,7,8.11,17.98,26.08,74,3,92.81,0
CALL0000484,839,24,158,170.0,13,15.11,5,40.03,5.48,2.14,224,6,56.11,0
CALL0000569,3067,33,626,71.2,17,4.72,1,46.1,33.24,46.69,220,7,66.61,0
CALL0000434,1181,17,750,530.4,6,22.98,6,41.51,22.77,13.77,2,2,71.35,0
CALL0000368,482,31,536,204.8,15,16.44,3,52.34,3.26,42.68,130,6,89.17,0
CALL0000084,104,971,13,43.0,156,47.15,81,67.57,97.25,98.61,154,36,5.45,1
CALL0000062,4,1081,60,15.2,375,61.92,69,91.72,84.98,55.06,308,15,7.25,1
CALL0000639,331,27,36,226.8,3,13.79,7,14.61,40.29,14.55,13,5,90.29,0
CALL0000273,3089,1,760,150.7,7,16.02,3,50.21,12.86,20.73,253,5,58.61,0
CALL0000286,3357,36,615,103.5,2,18.74,1,41.87,41.98,41.05,246,3,58.47,0
CALL0000361,3539,30,871,278.3,11,8.53,6,2.58,25.78,20.61,260,0,63.2,0
CALL0000355,2485,14,647,615.9,9,21.06,1,15.55,8.69,2.56,147,7,60.54,0
CALL0000457,3447,14,771,436.9,13,18.29,0,23.94,27.56,38.63,54,2,64.77,0
CALL0000279,3337,37,127,139.1,1,29.1,0,36.14,20.24,34.62,52,6,92.9,0
CALL0000013,75,1454,48,70.0,187,59.36,82,96.76,76.65,66.52,379,38,21.01,1
CALL0000183,77,1092,12,85.4,399,61.28,69,84.64,57.97,87.76,194,28,40.12,1
CALL0000369,1849,14,370,640.5,9,7.57,5,23.07,12.59,43.19,156,0,59.98,0
CALL0000882,3173,48,579,215.4,9,17.23,6,50.4,20.31,13.58,68,3,85.39,0
CALL0000616,2727,4,383,459.4,6,14.58,2,5.21,5.53,31.94,251,5,87.78,0
CALL0000224,1143,45,347,610.9,11,19.93,1,7.28,42.07,43.97,212,5,97.15,0
CALL0000573,1020,45,649,476.7,7,9.56,7,49.69,38.79,30.47,250,4,93.2,0
CALL0000971,2767,40,306,345.2,1,27.72,4,35.46,24.45,31.79,131,0,59.76,0
CALL0000654,3198,31,570,442.3,5,22.12,7,14.38,11.51,0.89,141,1,85.74,0
CALL0000546,3334,41,455,583.5,14,13.04,4,5.58,1.92,40.08,125,5,97.44,0
CALL0000583,2761,28,445,99.9,15,28.46,1,44.47,17.89,35.21,175,5,50.7,0
CALL0000634,2780,20,298,384.2,13,26.05,4,21.74,36.48,16.82,95,0,83.99,0
CALL0000177,27,596,113,36.5,161,43.16,54,40.3,54.78,72.84,636,17,26.56,1
CALL0000666,1690,17,862,161.1,17,13.4,4,45.19,21.17,17.56,225,5,62.04,0
CALL0000674,341,6,659,480.1,15,20.34,0,36.95,8.79,39.87,179,7,63.03,0
CALL0000586,3398,23,679,312.1,4,28.83,1,27.72,23.11,47.55,59,3,55.03,0
CALL0000874,1663,13,133,117.2,6,5.68,6,28.62,14.72,3.3,166,6,95.31,0
CALL0000394,3287,29,465,595.5,15,27.27,7,3.03,43.31,30.19,33,6,73.74,0
CALL0000164,35,1172,10,99.7,275,42.28,85,54.47,82.97,62.04,625,26,1.33,1
CALL0000249,828,43,58,354.9,6,25.44,7,19.21,0.11,42.74,9,2,51.2,0
CALL0000635,1773,41,354,250.5,1,17.53,2,47.14,24.19,10.44,217,3,87.53,0
CALL0000886,2322,16,681,672.5,18,17.93,6,50.11,7.5,9.06,174,1,85.21,0
CALL0000670,1844,11,365,104.7,18,20.47,4,31.02,29.9,29.51,188,4,98.97,0
CALL0000376,1214,49,408,438.0,3,28.91,2,14.13,21.94,13.2,233,2,99.22,0
CALL0000413,2443,12,532,417.8,1,17.01,2,19.27,39.92,31.89,256,5,70.3,0
CALL0000075,71,502,96,37.7,122,53.11,93,68.31,74.95,95.51,576,16,48.03,1
CALL0000114,111,686,109,46.0,52,64.91,85,96.48,95.66,69.53,649,29,38.26,1
CALL0000599,1785,28,176,168.2,15,29.33,6,3.86,42.57,19.31,108,0,99.15,0
CALL0000962,2520,14,744,63.6,15,3.23,2,51.46,24.98,22.67,248,2,52.56,0
CALL0000391,1747,6,180,72.7,18,4.03,4,39.33,27.84,14.02,48,5,59.9,0
CALL0000105,72,1222,58,89.2,265,53.85,94,43.83,86.89,72.36,248,14,48.22,1
CALL0000115,53,203,117,63.1,160,72.19,90,88.75,38.57,72.0,599,32,0.18,1
CALL0000418,426,29,304,587.5,2,26.57,7,41.03,44.63,46.09,130,2,82.23,0
CALL0000526,795,24,418,162.1,4,13.86,0,11.52,9.43,34.19,216,5,83.28,0
CALL0000458,1095,35,709,147.8,8,13.39,5,21.82,25.5,23.71,12,0,85.78,0
CALL0000410,1760,49,367,552.3,19,6.19,3,28.2,11.88,21.07,91,5,64.67,0
CALL0000093,63,1116,58,65.3,162,88.41,94,63.11,37.09,93.18,378,33,43.11,1
CALL0000931,1020,41,97,676.3,5,19.41,6,28.54,37.72,9.14,28,7,93.3,0
CALL0000090,4,243,63,6.6,341,53.6,58,93.71,79.98,85.15,755,19,33.88,1
CALL0000337,1401,41,897,680.5,2,13.19,6,48.59,26.7,42.45,271,6,59.0,0
CALL0000989,1710,31,755,624.1,16,29.4,5,13.35,33.4,18.75,147,5,72.37,0
CALL0000922,3255,32,384,452.5,16,7.14,5,42.43,42.2,0.25,40,5,71.73,0
CALL0000934,1146,13,412,430.6,4,20.53,6,51.22,11.62,23.49,229,3,90.85,0
CALL0000606,2186,42,538,412.1,10,15.5,2,9.36,21.66,18.88,231,5,78.08,0
CALL0000594,1893,32,708,318.6,4,8.7,5,32.63,22.38,5.25,289,4,95.52,0
CALL0000612,1258,11,224,626.0,2,11.6,3,31.35,30.37,40.82,21,5,88.13,0
CALL0000095,90,101,90,58.8,302,57.41,88,96.43,31.27,58.71,726,14,0.29,1
CALL0000012,75,1463,118,12.7,437,52.33,100,87.64,98.32,48.6,558,15,34.36,1
CALL0000397,3380,1,766,341.9,15,9.1,6,53.29,37.04,26.54,292,7,83.0,0
CALL0000534,1950,20,126,330.3,18,1.28,3,23.18,4.87,29.33,198,2,85.7,0
CALL0000044,15,319,63,95.1,244,34.59,97,66.85,60.52,59.06,259,16,15.72,1
CALL0000043,80,741,87,95.1,330,42.51,68,43.24,82.45,41.03,638,28,35.52,1
CALL0000330,1211,14,850,170.4,9,17.35,7,53.2,14.01,15.9,275,2,98.45,0
CALL0000168,47,257,1,85.1,414,35.89,89,54.08,70.58,77.64,774,22,16.43,1
CALL0000498,3573,36,484,405.4,9,2.16,6,34.23,2.37,16.88,232,0,91.08,0
CALL0000877,1254,37,287,556.9,3,1.8,1,9.45,2.07,12.41,138,2,65.44,0
CALL0000598,693,32,156,306.9,16,5.16,5,20.78,44.32,35.63,230,2,50.27,0
CALL0000757,1974,3,836,284.3,17,23.3,7,23.42,36.94,15.0,87,4,56.8,0
CALL0000101,14,1283,9,96.4,263,74.24,53,75.45,35.0,77.18,463,22,20.24,1
CALL0000427,1673,43,862,222.6,13,28.25,3,34.94,41.51,39.12,15,3,57.73,0
CALL0000179,79,280,32,67.5,399,62.57,82,53.49,62.14,57.82,352,32,4.43,1
CALL0000445,1180,37,578,101.3,12,21.56,5,48.16,5.16,46.14,158,1,68.58,0
CALL0000417,2892,26,668,62.5,3,24.52,6,3.13,21.47,7.77,284,4,75.14,0
CALL0000871,2572,47,773,590.5,2,2.83,5,22.87,33.81,6.6,222,7,99.8,0
CALL0000883,1599,47,717,58.4,9,24.6,5,10.02,15.04,10.42,133,7,76.55,0
CALL0000681,2900,12,458,138.0,13,25.33,0,25.29,5.82,7.72,263,6,74.56,0
CALL0000178,9,401,92,12.2,53,32.52,105,88.38,56.49,55.08,892,34,7.34,1
CALL0000396,774,11,604,66.2,18,20.32,2,50.72,12.24,44.7,165,6,88.48,0
CALL0000912,2448,49,444,136.6,2,25.54,4,28.17,34.66,11.08,170,7,95.16,0
CALL0000794,1304,4,645,131.9,15,28.3,7,17.43,29.82,42.64,34,1,85.27,0
CALL0000961,2756,33,43,642.4,13,4.4,1,23.25,44.35,42.33,155,2,77.21,0
CALL0000685,1525,18,571,322.8,17,28.6,2,49.32,29.05,20.65,226,7,80.57,0
CALL0000384,3237,22,199,271.3,5,17.49,6,36.15,34.88,45.07,192,5,79.74,0
CALL0000957,3113,43,142,173.5,15,9.12,1,10.33,42.94,12.68,10,7,94.57,0
CALL0000752,1189,32,343,487.5,10,4.09,4,6.32,37.68,23.89,6,2,81.94,0
CALL0000258,1887,24,603,230.9,1,1.34,7,9.28,10.94,12.75,105,2,98.26,0
CALL0000539,3146,40,138,347.7,10,18.22,6,2.4,21.99,9.63,274,3,98.71,0
CALL0000336,2626,17,819,652.6,6,1.45,5,47.88,16.12,24.58,29,0,99.2,0
CALL0000016,100,289,42,73.8,379,37.92,57,70.76,71.01,54.9,630,11,33.83,1
CALL0000325,1477,34,481,409.2,8,7.27,1,39.53,21.84,44.4,144,0,99.48,0
CALL0000759,1135,20,343,225.9,11,23.06,0,24.64,10.84,37.36,84,6,65.03,0
CALL0000223,1695,7,62,187.3,18,7.35,4,12.35,24.19,1.64,108,4,78.08,0
CALL0000180,15,706,91,52.5,380,68.97,107,93.61,87.68,83.19,921,20,40.04,1
CALL0000984,2045,16,289,698.5,4,24.99,3,37.34,33.14,40.23,190,7,84.82,0
CALL0000023,88,1482,13,41.8,499,33.58,105,77.6,30.07,81.62,720,11,16.11,1
CALL0000357,1433,46,291,457.8,11,18.96,0,51.4,40.87,12.32,20,5,51.0,0
CALL0000667,561,48,122,321.8,18,17.34,4,10.27,16.61,27.61,34,2,58.39,0
CALL0000862,1650,20,149,435.7,13,3.15,5,27.04,38.76,28.63,268,5,74.15,0
CALL0000341,978,19,313,568.5,12,1.29,6,17.82,40.05,44.26,46,7,71.03,0
CALL0000432,2972,44,523,665.7,9,10.03,4,5.76,25.24,32.77,249,5,84.58,0
CALL0000552,1731,32,854,185.9,13,10.14,5,3.83,43.51,25.03,170,6,93.43,0
CALL0000834,3334,47,810,677.4,7,2.08,6,22.52,32.65,47.97,21,2,73.51,0
CALL0000204,1040,32,529,674.6,18,8.83,1,14.44,42.92,19.64,181,7,96.72,0
CALL0000631,2852,26,311,213.3,16,25.92,0,43.69,19.13,18.3,128,4,61.48,0
CALL0000094,18,980,55,74.9,404,38.8,74,47.34,69.39,91.8,447,16,30.48,1
CALL0000559,1660,43,682,575.5,7,28.77,2,40.27,29.51,12.18,37,0,66.22,0
CALL0000069,53,1449,108,82.4,83,67.51,102,95.02,71.28,91.01,761,12,29.82,1
CALL0000623,2685,49,589,585.9,11,15.18,3,51.86,7.95,7.73,140,3,73.81,0
CALL0000285,836,1,821,367.1,17,20.03,5,40.99,6.86,23.29,275,0,63.57,0
CALL0000845,878,3,898,314.3,19,19.7,1,26.07,40.69,26.97,251,4,91.43,0
CALL0000435,1354,4,102,230.4,19,27.89,4,38.44,8.02,15.81,172,7,59.85,0
CALL0000154,119,897,94,97.0,418,39.72,100,92.09,45.22,90.71,528,37,6.51,1
CALL0000076,44,1469,116,81.5,331,39.61,73,74.26,52.49,88.78,386,14,35.0,1
CALL0000731,2692,24,508,150.0,2,27.46,7,4.93,36.36,25.57,168,6,69.54,0
CALL0000447,1915,17,879,219.7,19,11.38,7,48.98,8.34,18.25,235,3,77.68,0
CALL0000189,52,1284,51,3.8,436,42.55,108,46.83,34.77,91.29,337,29,36.13,1
CALL0000272,2857,3,454,612.0,3,9.15,1,32.24,30.04,10.1,174,1,67.27,0
CALL0000237,3231,38,723,90.6,7,26.93,0,9.42,26.13,0.14,15,3,89.05,0
CALL0000488,641,18,150,127.9,13,23.95,7,53.32,30.12,35.41,112,2,63.86,0
CALL0000118,89,1235,61,5.5,412,94.32,66,52.76,72.55,93.94,753,39,43.68,1
CALL0000944,1203,45,884,77.0,17,16.98,4,3.04,29.05,14.1,209,0,58.9,0
CALL0000513,1577,2,694,117.9,16,3.96,6,45.49,43.38,20.8,155,6,62.65,0
CALL0000826,2089,46,707,218.1,16,13.83,7,40.38,24.1,12.97,255,4,93.58,0
CALL0000592,3128,9,40,118.8,19,22.02,4,19.04,14.89,26.76,113,3,86.73,0
CALL0000127,71,1056,76,36.0,77,80.81,71,67.34,75.6,84.07,869,18,33.19,1
CALL0000117,26,1350,16,90.2,287,90.18,83,77.16,71.04,89.98,608,35,19.55,1
CALL0000474,355,11,234,481.3,11,21.06,1,48.61,2.17,12.36,279,3,92.16,0
CALL0000694,2030,29,677,249.2,7,6.48,2,18.31,12.13,0.63,107,1,74.6,0
CALL0000058,21,393,70,44.7,219,57.08,52,79.04,40.6,83.12,826,38,54.16,1
CALL0000864,1702,22,719,523.7,15,24.63,3,53.66,7.16,11.48,112,2,93.62,0
CALL0000913,2616,1,491,461.1,4,8.66,1,5.48,25.3,14.17,47,7,71.69,0
CALL0000370,2098,34,156,354.2,8,10.36,3,26.2,14.67,38.65,74,7,56.53,0
CALL0000269,1165,7,111,575.9,7,1.68,4,54.24,44.3,16.86,27,4,60.73,0
CALL0000047,47,484,25,45.4,204,88.09,78,78.36,79.99,55.0,329,37,46.56,1
CALL0000350,3343,10,679,191.8,12,23.02,5,29.4,39.68,19.8,31,5,84.71,0
CALL0000196,109,1446,40,35.7,272,31.75,102,65.5,36.57,77.64,216,29,49.84,1
CALL0001000,865,16,88,148.4,7,13.19,7,38.94,40.14,38.62,151,1,82.02,0
CALL0000835,2270,24,897,82.8,12,29.18,7,18.11,40.27,35.81,152,6,69.86,0
CALL0000737,1187,27,91,86.8,1,10.08,0,41.01,3.62,42.09,207,1,72.84,0
CALL0000264,1904,19,599,216.7,12,28.6,6,11.28,43.19,20.65,129,0,61.52,0
CALL0000444,1640,12,723,271.0,13,19.32,4,11.99,23.38,4.88,21,4,52.9,0
CALL0000676,1655,16,228,156.0,4,17.92,0,35.53,1.13,4.94,133,4,65.95,0
CALL0000305,2101,45,443,368.1,15,9.9,3,53.64,35.06,31.4,13,3,50.92,0
CALL0000342,2751,19,478,288.8,1,13.53,2,43.28,0.51,28.89,28,7,89.61,0
CALL0000967,3009,19,723,265.4,17,19.34,2,3.14,6.37,1.22,143,5,74.54,0
CALL0000150,12,1406,85,98.7,83,80.89,109,46.46,67.43,97.63,660,35,35.34,1
CALL0000125,65,921,119,19.6,241,71.86,102,98.78,72.25,63.27,460,17,30.88,1
CALL0000787,1828,1,711,694.8,19,2.35,5,54.71,2.2,37.67,278,3,54.55,0
CALL0000051,55,346,22,75.5,110,41.29,50,92.21,79.33,47.42,911,16,25.33,1
CALL0000354,2167,32,75,50.4,14,18.06,0,37.22,18.42,26.92,156,3,54.45,0
CALL0000928,2132,39,167,602.5,14,15.07,2,12.17,33.65,4.66,65,4,93.92,0
CALL0000143,106,1145,116,42.4,116,30.32,66,56.6,90.16,79.54,441,11,23.87,1
CALL0000471,682,9,168,86.1,6,17.97,6,32.9,19.11,40.32,53,7,77.86,0
CALL0000400,869,9,328,521.0,3,14.28,7,52.03,14.22,7.6,286,2,58.11,0
CALL0000626,726,24,861,401.2,19,19.48,5,37.13,30.97,14.51,50,3,76.29,0
CALL0000321,1080,26,88,426.6,4,12.93,1,11.53,33.25,2.33,162,4,88.35,0
CALL0000020,22,727,50,75.3,83,40.65,73,77.7,55.66,61.05,653,28,2.31,1
CALL0000810,1631,14,543,456.5,14,25.11,2,48.59,36.95,30.96,53,0,73.73,0
CALL0000791,3621,45,83,214.5,1,4.16,2,23.03,31.71,32.37,265,4,62.99,0
CALL0000809,3550,21,759,201.7,15,21.79,0,13.54,2.58,39.51,295,6,60.68,0
CALL0000408,1794,13,360,538.0,19,6.35,4,20.27,38.7,13.82,188,3,92.86,0
CALL0000538,3194,17,35,499.8,4,14.08,3,21.08,7.22,4.24,166,2,53.32,0
CALL0000621,1647,43,268,328.5,2,7.22,3,31.72,4.11,4.83,285,6,70.45,0
CALL0000039,59,1204,92,2.1,437,96.59,56,46.8,80.46,80.6,927,18,13.24,1
CALL0000176,103,1472,2,62.2,119,44.15,71,91.87,49.59,85.43,365,22,25.2,1
CALL0000246,624,22,506,96.2,7,26.1,1,5.88,15.84,5.85,251,1,75.32,0
CALL0000829,2442,15,158,327.2,10,14.12,4,44.48,32.91,16.73,227,5,83.94,0
CALL0000668,640,11,534,542.2,18,29.5,3,44.62,4.62,18.04,236,4,98.51,0
CALL0000755,793,7,458,151.6,18,21.26,0,45.48,5.17,30.29,51,6,93.65,0
CALL0000859,1113,39,620,191.6,6,7.37,3,51.36,33.52,28.58,109,6,50.36,0
CALL0000155,23,383,101,84.4,285,42.17,102,70.45,58.87,87.19,902,20,22.54,1
CALL0000288,543,2,51,249.2,12,14.74,4,10.01,32.86,41.62,234,7,88.43,0
CALL0000603,1548,26,693,322.5,18,6.9,4,18.47,20.48,6.42,95,0,67.2,0
CALL0000570,2336,23,479,359.1,13,13.24,0,20.73,8.59,43.38,233,5,58.79,0
CALL0000744,3252,13,346,626.0,1,7.06,3,21.46,5.72,35.46,161,5,88.06,0
CALL0000018,24,1406,26,28.9,389,49.92,84,96.53,34.53,62.38,317,32,35.41,1
CALL0000128,9,260,26,58.8,251,94.47,70,76.75,68.16,82.21,860,38,37.21,1
CALL0000323,2313,47,287,469.1,3,3.27,5,31.38,34.45,22.92,253,6,63.45,0
CALL0000256,2536,2,421,679.0,5,5.97,3,42.73,22.74,11.57,266,4,69.12,0
CALL0000658,3533,6,409,660.0,16,10.67,1,11.78,13.78,28.19,294,3,61.04,0
CALL0000965,1437,24,184,548.2,19,4.33,7,31.56,33.7,21.38,174,0,82.32,0
CALL0000191,4,1446,101,62.4,80,95.28,92,40.54,36.72,71.59,535,17,3.79,1
CALL0000116,24,353,1,58.8,456,31.25,87,87.25,91.84,96.14,837,30,34.08,1
CALL0000617,3336,47,528,312.1,17,23.84,7,39.17,3.63,14.48,84,1,99.16,0
CALL0000607,3260,26,166,200.4,17,29.71,5,20.23,16.86,18.22,9,4,54.98,0
CALL0000181,90,1222,84,77.5,495,34.53,85,40.07,46.27,90.22,388,10,27.31,1
CALL0000302,1377,3,512,628.2,7,27.99,2,7.51,42.45,2.86,224,7,87.24,0
CALL0000760,1307,30,529,102.8,7,3.51,1,13.46,35.44,42.9,42,1,50.93,0
CALL0000713,1774,39,250,654.8,2,9.45,5,44.62,1.82,5.49,201,7,88.91,0
CALL0000724,3603,36,88,267.4,9,13.45,4,47.68,19.83,43.69,273,5,61.43,0
CALL0000686,1080,19,86,82.9,13,2.27,4,15.45,15.35,16.71,170,4,54.7,0
CALL0000980,3362,48,880,270.5,11,1.27,0,27.89,29.97,23.59,24,0,61.84,0
CALL0000518,2859,10,885,189.6,18,5.07,6,28.93,13.64,30.52,33,6,75.57,0
CALL0000985,1908,43,222,343.6,7,29.75,3,3.54,13.63,32.99,196,2,54.1,0
CALL0000046,62,1348,51,63.6,244,69.64,85,78.03,52.13,74.23,875,25,47.38,1
CALL0000910,985,37,627,493.4,14,1.78,5,32.22,39.21,14.82,173,3,57.09,0
CALL0000158,37,552,118,42.1,474,93.12,75,79.06,42.02,86.81,769,17,31.45,1
CALL0000852,1791,31,706,564.9,6,2.4,5,42.8,14.16,22.48,298,1,55.44,0
CALL0000172,5,617,16,95.5,486,34.63,104,51.16,71.24,78.15,565,10,48.0,1
CALL0000017,104,1348,119,80.5,322,72.13,83,45.12,56.47,61.2,679,37,42.6,1
CALL0000512,1666,24,564,570.6,9,5.86,2,36.53,14.5,21.84,71,1,64.44,0
CALL0000049,51,1176,63,33.5,209,84.87,67,73.08,43.82,60.22,661,13,13.87,1
CALL0000972,1507,19,674,318.0,10,24.66,1,18.31,23.78,45.49,110,7,98.55,0
CALL0000941,540,12,305,201.9,18,8.84,6,23.78,12.55,15.87,73,1,73.19,0
CALL0000516,2797,36,348,127.2,10,14.2,2,39.55,19.41,41.68,172,5,75.52,0
CALL0000953,1503,4,690,524.6,14,29.05,6,53.8,16.57,32.62,47,1,59.69,0
CALL0000481,2248,45,117,499.2,19,11.11,6,29.59,19.59,48.65,273,4,80.26,0
CALL0000284,634,9,665,227.9,4,5.84,2,30.38,29.11,3.46,231,7,60.73,0
CALL0000719,1556,22,32,187.2,16,20.83,3,14.67,0.67,21.18,256,4,61.99,0
CALL0000878,1848,25,293,126.8,15,17.68,0,20.8,14.77,22.56,248,6,98.72,0
CALL0000226,1649,48,518,177.8,18,16.56,0,2.19,37.93,47.24,26,6,82.02,0
CALL0000027,2,1348,36,93.1,92,98.31,53,80.9,37.05,71.85,452,39,41.14,1
CALL0000955,1108,49,591,466.6,4,28.38,3,12.63,20.18,34.43,228,0,98.68,0
CALL0000438,2021,30,648,56.7,13,22.18,2,27.9,5.99,10.56,67,7,64.27,0
CALL0000952,2182,32,592,429.0,9,5.15,3,23.47,1.6,9.36,89,6,94.58,0
CALL0000365,2634,8,719,76.0,14,14.62,4,20.41,39.59,4.07,290,4,82.2,0
CALL0000230,1536,17,479,698.2,4,21.96,1,8.32,7.17,1.32,100,4,63.1,0
CALL0000038,91,1051,15,39.5,57,87.31,59,51.36,32.16,74.5,660,30,51.87,1
CALL0000966,1984,29,596,506.4,14,4.0,1,34.24,40.65,26.92,74,4,75.08,0
CALL0000375,3400,12,634,329.5,16,0.58,1,28.47,7.38,16.93,227,1,81.2,0
CALL0000470,1289,16,541,542.1,11,4.64,0,15.49,42.64,26.27,26,4,57.42,0
CALL0000968,3034,6,751,489.2,18,6.0,7,22.76,4.42,22.26,292,5,58.57,0
CALL0000851,2668,5,798,635.2,12,13.83,0,18.09,9.58,19.06,167,4,91.36,0
CALL0000705,1772,8,78,407.4,18,9.58,2,41.31,16.64,1.2,271,6,82.39,0
CALL0000842,1835,24,820,440.6,14,8.12,2,4.08,30.09,25.0,116,5,96.02,0
CALL0000195,103,669,33,2.4,457,58.2,51,41.09,75.72,52.16,752,20,13.58,1
CALL0000855,2806,37,99,664.9,15,7.42,3,43.96,17.93,22.66,152,6,54.92,0
CALL0000865,325,47,717,260.3,12,22.83,5,53.15,31.11,0.68,62,3,67.92,0
CALL0000504,1044,10,98,583.6,16,16.77,0,52.23,30.18,47.44,20,6,73.59,0
CALL0000970,1198,49,104,541.6,2,5.09,2,38.7,42.02,34.03,206,1,57.93,0
CALL0000831,3443,37,185,163.5,17,19.27,6,30.73,3.43,4.6,118,1,97.02,0
CALL0000580,267,29,750,448.3,5,27.3,6,25.84,29.48,27.0,3,7,96.3,0
CALL0000969,364,33,500,307.4,3,3.02,4,36.05,19.16,39.09,112,5,63.91,0
CALL0000163,91,1315,95,100.0,369,75.78,60,91.22,80.74,88.13,106,24,1.44,1
CALL0000909,1931,21,832,487.1,17,25.05,1,10.7,31.21,26.06,68,5,78.23,0
CALL0000153,48,1400,33,38.7,473,61.22,50,43.63,57.83,47.27,693,30,43.21,1
CALL0000802,1580,45,745,493.6,2,10.29,7,16.14,33.12,40.65,143,2,89.9,0
CALL0000994,2160,22,683,471.4,16,3.3,0,25.13,5.86,32.45,219,7,66.15,0
CALL0000756,2732,49,859,529.7,13,3.28,1,47.28,27.47,19.85,51,2,58.51,0
CALL0000112,109,1243,89,63.3,420,40.58,70,62.66,32.84,77.91,883,20,21.53,1
CALL0000227,2739,9,48,529.3,16,4.68,6,44.35,13.71,24.51,82,3,90.78,0
CALL0000689,754,18,464,305.4,15,18.65,3,49.4,11.6,29.58,178,2,62.44,0
CALL0000104,15,1356,1,5.3,127,47.37,78,83.86,35.69,62.44,385,27,16.81,1
CALL0000422,1657,10,618,274.3,6,11.7,7,33.43,10.59,10.1,213,2,93.07,0
CALL0000420,464,27,472,553.9,8,16.2,6,53.26,9.55,36.61,8,0,52.78,0
CALL0000751,1547,1,279,586.9,18,13.97,6,49.78,41.88,25.48,187,5,68.76,0
CALL0000587,1478,44,144,591.9,15,16.17,5,5.65,12.12,1.21,203,2,62.98,0
CALL0000781,1763,23,519,411.5,14,14.07,0,51.68,17.78,39.28,81,2,78.46,0
CALL0000673,1647,44,393,60.8,6,2.75,1,8.47,20.76,22.65,173,6,61.11,0
CALL0000120,109,198,64,95.1,323,78.07,74,75.24,50.62,46.43,580,11,32.35,1
CALL0000054,3,1307,86,10.0,452,75.9,69,63.86,67.48,95.45,358,14,42.7,1
CALL0000152,33,325,100,59.8,313,45.5,92,98.5,35.63,70.83,777,17,34.99,1
CALL0000404,1123,4,90,162.8,13,9.85,2,13.97,28.35,6.54,121,4,94.41,0
CALL0000946,499,17,651,498.1,10,27.47,4,15.18,2.31,7.75,137,6,90.62,0
CALL0000208,1842,11,142,149.9,12,29.02,2,23.0,37.93,14.2,135,3,74.13,0
CALL0000659,2461,29,173,167.8,5,9.54,6,21.05,8.26,15.74,254,0,58.05,0
CALL0000844,2143,4,369,646.2,7,3.85,4,12.85,26.15,29.21,57,4,81.12,0
CALL0000763,3649,49,514,692.5,15,17.36,1,5.08,22.81,34.84,226,0,96.37,0
CALL0000009,103,745,33,3.3,130,49.32,96,40.31,34.0,59.52,736,27,53.23,1
CALL0000808,3168,5,622,500.0,14,20.93,5,53.65,41.4,22.42,99,5,77.25,0
CALL0000037,49,1236,87,89.7,449,94.14,56,83.13,96.46,46.1,880,12,33.71,1
CALL0000453,1537,35,599,653.6,18,6.64,0,20.02,7.77,22.46,46,0,83.6,0
CALL0000652,1385,46,416,693.7,18,20.66,0,47.96,19.15,8.78,279,0,51.6,0
CALL0000254,797,16,390,682.5,5,16.11,1,22.65,12.66,5.26,279,3,64.25,0
CALL0000304,1291,13,863,176.9,7,15.12,6,9.46,30.5,0.56,132,0,84.25,0
CALL0000747,1910,36,77,199.5,4,5.53,1,45.17,42.59,10.14,145,6,86.31,0
CALL0000572,1426,8,675,154.8,13,7.84,7,30.95,9.76,38.94,251,5,73.78,0
CALL0000624,2421,47,462,145.2,6,7.9,1,40.94,44.42,3.54,41,4,72.34,0
CALL0000733,2152,40,125,224.3,14,22.58,7,12.76,17.94,34.69,58,4,56.27,0
CALL0000892,1457,16,487,444.6,6,22.28,7,13.24,3.34,33.71,285,2,59.97,0
CALL0000263,2290,35,547,134.3,9,13.12,3,39.19,36.77,19.12,87,7,77.55,0
CALL0000611,1547,19,48,193.3,10,5.2,3,23.69,40.55,9.82,87,5,77.85,0
CALL0000298,2279,38,177,254.0,5,13.19,2,34.46,36.14,20.59,111,4,56.91,0
CALL0000415,1129,17,367,301.8,17,1.13,2,50.26,33.76,45.3,71,3,68.35,0
CALL0000151,34,126,39,15.9,160,61.2,103,92.77,64.04,88.57,141,37,23.17,1
CALL0000789,586,22,298,186.7,6,1.57,3,5.0,11.44,1.74,194,3,86.18,0
CALL0000641,1678,15,846,685.9,8,26.03,0,32.41,11.32,3.39,240,2,65.16,0
CALL0000890,562,8,509,406.8,1,18.81,4,33.35,14.45,5.96,183,5,97.69,0
CALL0000551,832,32,443,263.3,10,26.83,2,37.89,1.5,38.54,19,4,95.4,0
CALL0000887,756,22,328,417.7,11,8.3,7,11.46,31.04,34.49,97,1,59.52,0
CALL0000489,2144,3,414,527.7,17,25.94,6,27.15,38.84,1.66,120,5,93.41,0
CALL0000148,73,662,90,38.3,277,53.9,95,71.42,75.08,82.34,111,19,54.91,1
CALL0000147,7,1488,90,3.6,160,93.47,107,42.88,31.44,45.29,589,10,40.46,1
CALL0000721,200,9,235,83.3,9,9.19,1,29.49,20.16,1.42,78,5,52.65,0
CALL0000932,1602,29,602,120.2,2,7.06,0,25.87,3.35,40.53,62,2,50.11,0
CALL0000740,3424,27,377,503.2,4,17.12,6,44.68,9.66,1.51,17,5,75.61,0
CALL0000660,2136,8,54,454.8,16,14.78,4,28.09,3.96,14.83,180,3,68.56,0
CALL0000349,684,10,112,193.3,18,3.07,4,20.84,11.09,39.82,55,3,69.6,0
CALL0000464,1130,18,364,480.2,17,5.12,1,4.14,6.01,40.09,174,3,85.82,0
CALL0000326,2191,39,94,291.9,16,5.93,1,12.21,29.2,5.32,266,4,59.85,0
CALL0000187,103,1080,33,40.9,186,68.62,92,59.26,65.37,49.03,435,26,7.44,1
CALL0000124,45,437,93,28.5,64,69.76,72,68.98,84.06,68.13,677,27,31.9,1
CALL0000854,3464,6,563,491.8,1,24.66,2,1.69,40.6,17.58,2,1,71.35,0
CALL0000609,3472,10,318,525.5,13,11.19,7,31.25,26.1,34.31,200,7,57.02,0
CALL0000144,103,849,69,93.3,282,53.01,75,54.91,59.92,94.85,415,37,4.87,1
CALL0000959,1195,40,497,411.7,12,9.18,6,50.19,41.51,46.17,126,3,77.03,0
CALL0000198,43,725,43,39.8,371,79.4,58,63.14,51.54,77.29,491,28,14.96,1
CALL0000610,2128,45,510,672.8,7,23.19,3,21.87,8.59,21.87,161,3,61.22,0
CALL0000280,3089,13,374,427.5,12,21.86,1,47.81,24.24,19.22,60,7,62.86,0
CALL0000294,2490,14,524,423.3,19,5.65,0,19.22,41.85,39.53,107,7,90.97,0
CALL0000401,468,27,831,122.5,7,6.85,1,37.37,26.19,2.03,204,4,99.68,0
CALL0000123,15,977,22,62.4,420,40.53,61,70.4,73.15,54.52,848,37,3.57,1
CALL0000184,51,1239,50,55.6,144,66.18,68,55.26,71.53,85.23,881,33,42.1,1
CALL0000203,1779,44,239,571.8,16,6.2,0,17.26,18.05,4.48,52,1,59.93,0
CALL0000439,1185,9,886,515.4,11,2.01,6,18.79,34.5,22.82,102,6,75.79,0
CALL0000247,2408,29,789,187.0,1,2.74,5,52.18,17.02,5.44,165,3,66.41,0
CALL0000416,3269,23,579,93.0,5,13.43,0,12.3,4.45,25.86,78,7,79.5,0
CALL0000933,2590,9,570,361.0,9,4.79,7,49.64,39.66,6.84,273,4,68.97,0
CALL0000766,1993,26,73,478.6,2,15.91,6,33.19,16.03,3.34,166,3,60.05,0
CALL0000907,3358,47,333,248.7,9,23.47,7,17.38,12.56,12.71,42,7,92.85,0
CALL0000836,559,27,819,628.7,15,10.87,2,26.24,5.38,39.43,128,0,65.48,0
CALL0000888,1378,21,828,384.4,7,0.9,2,23.48,23.2,28.3,171,6,77.59,0
CALL0000130,1,497,51,97.5,490,61.11,106,42.06,84.08,88.52,942,38,14.84,1
CALL0000638,378,38,480,75.5,3,2.86,1,7.35,7.4,33.9,241,5,96.72,0
CALL0000403,1483,44,232,232.7,14,1.31,5,26.15,18.55,15.82,12,0,50.75,0
CALL0000785,2914,41,603,76.1,10,24.86,0,47.54,44.52,23.44,264,3,65.72,0
CALL0000771,2042,29,294,452.6,10,8.85,1,44.59,11.75,23.28,199,0,66.04,0
CALL0000736,2350,48,264,491.8,7,14.29,3,31.34,38.76,38.59,121,2,74.86,0
CALL0000914,996,25,143,133.4,18,19.25,0,34.48,39.74,22.24,261,4,74.36,0
CALL0000220,871,47,98,622.6,8,0.13,5,11.68,34.73,44.88,198,6,62.44,0
CALL0000642,2595,32,132,677.7,7,7.4,6,29.81,3.05,9.65,89,7,99.05,0
CALL0000916,258,17,385,500.7,13,28.74,2,47.22,23.34,43.68,124,1,76.0,0
CALL0000753,2886,25,898,585.8,17,27.84,5,13.53,44.8,13.61,110,4,74.69,0
CALL0000807,422,40,365,197.1,6,0.84,4,49.91,40.25,38.2,87,0,63.7,0
CALL0000920,2136,40,264,375.0,10,21.4,5,42.51,3.4,32.72,275,1,55.33,0
CALL0000625,2806,38,274,591.4,14,0.37,7,5.68,25.3,49.79,282,6,88.68,0
CALL0000875,3475,23,106,311.3,16,5.73,6,50.6,44.26,43.14,205,1,61.76,0
CALL0000761,1336,35,750,695.2,10,19.35,6,16.72,2.63,24.8,219,6,94.34,0
CALL0000387,1981,23,709,641.9,18,26.41,3,4.95,32.43,7.13,101,5,67.61,0
CALL0000973,2764,1,372,657.6,19,10.69,6,6.05,6.44,1.0,67,6,57.64,0
CALL0000510,2466,37,341,57.0,6,25.75,2,51.44,21.87,22.51,199,4,50.61,0
CALL0000268,1833,40,710,186.8,2,7.84,3,7.55,1.9,47.21,140,7,88.96,0
CALL0000820,574,48,413,361.0,1,27.36,1,54.42,41.26,28.82,165,3,52.02,0
CALL0000442,1441,19,825,693.6,1,9.2,1,37.95,16.67,36.04,47,1,79.9,0
CALL0000497,1148,1,271,125.8,19,14.47,4,11.33,24.9,19.94,211,2,94.58,0
CALL0000113,82,727,104,69.9,56,70.45,91,42.17,76.26,84.8,559,30,22.69,1
CALL0000692,3112,4,223,57.3,2,8.76,0,5.79,24.18,46.08,223,1,53.64,0
CALL0000233,2268,33,481,454.7,7,17.25,4,35.71,10.91,11.04,63,0,87.16,0
CALL0000870,775,36,533,111.4,5,16.44,4,37.51,40.56,15.5,253,3,56.38,0
CALL0000608,2244,25,204,376.6,13,18.38,6,38.64,22.25,2.71,191,3,96.01,0
CALL0000672,1066,28,528,115.2,15,18.26,3,23.25,12.95,10.23,40,4,85.08,0
CALL0000374,2467,41,673,366.7,2,3.08,5,30.06,30.24,29.88,200,3,86.87,0
CALL0000982,2089,19,93,155.2,3,26.74,2,44.85,27.21,29.33,168,4,96.81,0
CALL0000843,1603,42,867,271.6,16,9.54,0,6.97,8.03,46.58,188,1,73.96,0
CALL0000234,1305,32,318,682.7,16,10.32,3,43.27,10.87,21.5,290,2,52.37,0
CALL0000786,828,5,873,628.4,19,18.82,1,26.76,7.59,48.41,149,4,77.04,0
CALL0000677,2996,4,747,202.0,8,22.21,7,19.25,40.36,27.45,13,7,58.36,0
CALL0000318,2927,38,774,668.4,8,18.46,6,14.81,25.87,32.72,44,6,67.22,0
CALL0000649,1715,18,566,310.1,11,13.36,6,29.99,43.68,3.02,87,4,77.79,0
CALL0000411,2378,6,635,204.0,18,23.09,0,45.83,10.96,44.77,200,1,85.44,0
CALL0000899,741,17,429,691.8,1,25.77,7,15.86,30.16,19.16,152,0,78.94,0
CALL0000710,3066,30,586,195.8,2,25.36,4,9.21,27.68,30.61,77,3,96.14,0
CALL0000359,3075,15,195,148.8,15,14.51,1,32.17,3.06,6.15,43,2,75.82,0
CALL0000259,772,35,698,568.9,10,9.73,0,20.79,3.63,47.03,184,2,71.89,0
CALL0000745,2678,45,533,632.2,10,14.81,2,17.35,5.93,10.82,102,5,71.33,0
CALL0000628,858,31,324,330.3,7,13.42,6,26.42,4.35,12.13,270,7,62.88,0
CALL0000633,2479,5,100,364.6,9,17.12,2,17.29,1.21,19.81,254,3,82.63,0
CALL0000283,2103,5,543,455.6,18,17.79,5,6.12,17.83,22.03,89,4,74.89,0
CALL0000377,3271,15,102,699.7,8,11.37,6,41.22,33.26,6.18,266,5,76.63,0
CALL0000385,3213,38,241,381.9,18,23.01,0,45.52,11.99,8.28,86,0,72.97,0
CALL0000225,2446,35,79,626.0,14,25.19,5,53.39,37.59,0.75,156,1,59.76,0
CALL0000954,2730,18,809,287.1,17,13.64,3,11.83,10.74,35.66,260,7,56.51,0
CALL0000815,1661,15,820,443.9,3,19.42,4,9.9,33.61,37.2,141,2,89.29,0
CALL0000473,2495,38,214,188.1,13,12.64,4,51.83,19.96,32.15,19,7,69.53,0
CALL0000348,2411,32,193,487.3,17,11.07,7,21.31,1.37,6.6,135,1,68.23,0
CALL0000506,2457,47,225,477.1,8,29.16,1,44.82,36.28,48.29,133,6,93.64,0
CALL0000640,2046,34,343,54.1,13,11.89,6,50.72,30.9,28.9,147,7,81.72,0
CALL0000988,2642,20,435,124.8,4,20.26,6,8.37,7.79,40.17,182,7,59.35,0
CALL0000929,2921,17,368,177.6,1,27.36,6,20.34,14.1,25.74,135,5,94.3,0
CALL0000906,3306,48,537,262.5,16,18.59,2,29.75,16.15,49.78,162,3,67.49,0
CALL0000620,542,11,122,490.3,19,24.32,2,21.01,26.54,2.11,30,7,95.1,0
CALL0000856,3419,10,434,242.3,6,12.7,0,26.77,11.11,6.76,65,3,80.89,0
CALL0000804,773,47,329,328.9,16,7.98,0,9.86,5.19,11.75,245,0,88.58,0
CALL0000646,2323,6,603,486.2,7,10.51,2,29.26,16.43,33.24,272,1,52.84,0
CALL0000847,2687,49,233,514.6,10,17.97,3,44.18,30.19,10.54,162,1,71.48,0
CALL0000557,1343,16,706,193.8,10,13.64,5,13.58,44.52,14.1,149,0,90.71,0
CALL0000958,2386,35,199,506.1,11,5.73,5,21.49,10.12,47.8,284,4,94.23,0
CALL0000578,240,29,318,321.5,18,10.11,1,37.14,2.34,19.87,14,1,94.22,0
CALL0000796,2666,11,854,488.0,19,25.07,1,1.08,28.41,9.95,138,1,59.67,0
CALL0000086,2,572,106,12.0,97,32.31,99,90.32,75.33,45.34,756,31,44.0,1
CALL0000243,583,31,432,659.7,12,14.26,5,22.74,8.49,6.24,260,6,78.94,0
CALL0000699,2865,16,214,403.7,17,11.79,5,18.31,18.27,49.05,137,1,61.59,0
CALL0000160,44,915,100,6.6,55,70.06,70,91.01,58.7,94.15,233,31,10.15,1
CALL0000525,1730,12,893,117.1,9,26.75,6,1.54,28.05,5.37,70,0,87.76,0
CALL0000036,89,1391,115,32.7,423,54.07,67,47.11,89.9,45.22,807,18,24.17,1
CALL0000541,1498,12,68,449.1,10,0.91,1,43.15,28.81,29.28,104,0,53.02,0
CALL0000171,1,1496,4,13.8,338,71.08,83,81.24,71.83,86.83,229,21,23.63,1
CALL0000655,1584,30,658,478.7,9,1.64,0,2.96,37.15,27.93,103,1,70.8,0
CALL0000891,2695,49,602,297.0,14,17.46,1,4.87,26.67,39.3,242,1,51.43,0
CALL0000858,3473,7,704,226.8,18,26.33,0,13.72,14.49,38.79,121,0,76.07,0
CALL0000848,3180,23,190,240.7,18,26.1,7,40.93,8.54,0.29,120,3,70.43,0
CALL0000945,1756,1,680,373.8,18,7.64,6,35.74,16.05,48.61,34,4,75.6,0
CALL0000734,3572,2,888,284.7,1,17.09,7,37.56,15.22,3.64,79,7,70.88,0
CALL0000096,44,996,101,96.3,229,85.01,58,87.08,63.28,91.27,203,10,41.85,1
CALL0000564,485,47,653,656.2,14,12.21,6,43.8,21.76,5.99,265,7,94.79,0
CALL0000241,2080,47,555,581.0,2,17.96,7,4.92,28.01,13.25,259,3,57.98,0
CALL0000743,1566,44,511,218.9,11,1.63,4,41.25,37.5,13.03,215,4,53.24,0
CALL0000575,3248,4,635,415.4,6,9.17,1,1.49,23.38,18.74,232,4,82.13,0
CALL0000691,1091,6,589,429.1,14,3.86,0,47.38,5.32,39.91,15,0,85.85,0
CALL0000461,2867,7,281,376.0,13,1.85,5,28.28,41.06,44.72,144,7,85.87,0
CALL0000554,3190,33,486,353.4,13,27.81,2,46.66,13.72,48.69,254,3,66.21,0
CALL0000889,2237,21,120,105.3,9,22.08,6,25.24,9.09,42.95,154,0,62.64,0
CALL0000207,1919,38,153,311.2,1,6.56,1,27.4,5.78,31.27,43,5,51.08,0
CALL0000393,3061,44,509,334.8,12,6.13,6,28.98,4.77,3.26,227,7,89.5,0
CALL0000795,467,5,88,686.4,7,18.35,4,5.67,20.97,27.47,264,6,89.44,0
CALL0000398,2110,43,395,204.4,11,5.6,2,30.19,23.37,33.5,287,0,70.43,0
CALL0000767,1158,14,570,425.6,4,1.13,7,5.84,27.61,41.28,62,1,61.69,0
CALL0000849,206,23,569,391.6,17,26.74,0,24.02,28.15,12.15,70,5,68.7,0
CALL0000218,1622,18,598,105.0,9,3.79,1,31.33,33.72,17.12,242,5,64.34,0
CALL0000005,107,677,2,68.6,79,76.14,108,44.48,41.48,53.98,757,37,42.04,1
CALL0000769,401,18,612,238.1,7,2.54,7,5.84,24.69,45.16,112,7,58.59,0
CALL0000643,2787,21,850,306.9,1,29.01,5,33.21,31.11,20.43,95,3,63.68,0
CALL0000930,564,34,566,131.6,17,4.48,2,9.07,13.85,11.66,24,1,97.79,0
CALL0000613,1176,13,359,657.3,4,10.47,4,1.32,28.53,40.15,76,7,80.91,0
CALL0000739,719,37,590,304.7,1,26.68,1,20.2,38.28,32.26,70,7,56.98,0
CALL0000547,3344,34,116,360.3,9,16.11,4,44.61,41.13,30.26,25,5,81.65,0
CALL0000726,655,28,673,394.5,10,20.82,1,38.48,18.22,29.43,64,0,94.98,0
CALL0000684,2296,25,722,652.2,8,4.1,0,27.71,6.13,1.32,68,2,55.12,0
CALL0000099,62,552,62,87.0,176,79.84,92,97.96,83.53,78.3,971,35,11.14,1
CALL0000805,248,7,424,229.3,18,8.45,0,16.4,32.46,22.72,62,2,66.6,0
CALL0000728,2236,42,601,421.8,9,6.83,0,21.12,19.0,22.12,272,5,77.62,0
CALL0000574,1962,22,47,681.2,10,2.7,2,51.01,42.4,48.55,282,6,51.6,0
CALL0000407,1958,15,190,304.9,1,29.54,1,32.44,2.43,1.65,152,7,90.47,0
CALL0000503,1987,49,832,655.5,2,24.81,1,38.05,8.65,12.93,88,1,55.42,0
CALL0000048,62,1253,58,30.0,142,39.64,109,61.52,81.46,70.78,811,10,50.54,1
CALL0000033,58,1236,16,90.4,232,71.1,80,72.79,83.32,77.76,990,18,12.35,1
CALL0000780,3648,20,833,585.1,11,15.89,4,13.86,18.27,23.18,246,7,55.92,0
CALL0000840,2241,29,417,95.1,4,19.9,5,6.29,44.88,42.93,152,1,98.87,0
CALL0000201,404,48,624,504.8,10,22.51,2,46.15,43.02,9.9,93,7,83.17,0
CALL0000135,11,500,78,81.6,349,93.54,83,56.1,80.01,78.63,765,22,18.38,1
CALL0000028,64,1357,45,86.0,289,52.24,101,43.04,88.94,42.02,775,20,44.65,1
CALL0000881,3084,14,797,281.8,1,1.57,5,53.27,1.17,20.75,17,6,52.67,0
CALL0000231,364,17,588,69.5,5,23.12,4,8.86,1.49,29.11,256,4,51.96,0
CALL0000490,2038,28,643,395.4,11,13.76,7,4.43,7.41,43.52,194,2,80.19,0
CALL0000773,2196,27,471,327.9,8,4.09,6,13.07,5.46,31.01,26,5,60.24,0
CALL0000379,3175,49,889,308.6,16,2.48,3,11.26,28.22,29.3,102,1,91.33,0
CALL0000289,1517,40,183,584.5,6,15.91,2,44.06,1.01,24.75,278,7,73.07,0
CALL0000419,2948,33,193,391.1,3,2.69,6,45.69,34.69,37.9,43,0,98.55,0
CALL0000675,1514,41,774,441.6,18,2.02,1,29.33,9.55,29.56,86,5,75.54,0
CALL0000392,2130,5,140,408.3,15,9.36,2,1.4,34.67,47.52,117,5,74.65,0
CALL0000593,2679,5,235,280.7,6,29.86,2,29.18,1.99,41.21,109,1,57.59,0
CALL0000499,2219,21,650,636.6,1,16.54,2,22.91,2.07,11.8,262,6,55.14,0
CALL0000139,35,559,113,82.4,261,57.53,102,42.09,72.49,51.48,361,33,28.45,1
CALL0000063,89,851,101,76.4,50,50.8,54,64.63,50.3,79.04,902,16,39.93,1
CALL0000472,1135,9,727,54.5,6,19.98,5,39.96,0.52,17.74,29,1,95.78,0
CALL0000648,3101,22,200,665.4,9,29.0,3,7.97,30.17,6.44,250,6,79.36,0
CALL0000129,88,900,16,8.7,88,93.86,76,84.12,71.23,70.75,548,29,44.27,1
CALL0000977,2109,6,886,680.1,12,20.51,5,26.66,28.56,16.26,10,6,57.68,0
CALL0000521,2949,3,340,530.3,4,10.36,0,7.85,27.31,24.35,160,2,62.54,0
CALL0000839,2919,34,236,375.2,13,20.51,7,17.89,0.63,22.55,277,1,71.57,0
CALL0000963,3370,34,317,255.3,15,12.75,2,3.62,41.89,21.28,140,0,87.2,0
CALL0000065,14,708,8,11.0,282,64.69,87,98.43,96.76,62.08,570,14,11.74,1
CALL0000813,2019,42,400,89.0,12,2.05,2,47.98,24.45,21.91,16,2,98.25,0
CALL0000015,117,1354,93,87.9,450,46.73,96,80.74,74.68,95.97,401,39,6.68,1
CALL0000157,88,1059,10,47.4,91,58.91,100,73.71,87.99,57.42,315,11,21.11,1
CALL0000041,92,212,66,10.0,437,80.43,72,86.93,89.16,68.31,616,39,10.86,1
CALL0000493,3462,44,674,245.0,2,29.0,4,54.83,41.15,8.87,1,3,54.58,0
CALL0000380,2115,29,814,587.9,16,20.53,5,25.88,30.14,18.03,214,4,62.57,0
CALL0000188,113,1027,61,14.3,296,40.71,66,73.03,58.5,53.88,921,14,41.33,1
CALL0000764,2902,39,240,685.2,18,19.43,4,45.69,25.26,10.38,196,4,85.8,0
CALL0000217,2886,27,546,325.2,18,13.46,3,29.46,19.68,1.38,195,4,60.01,0
CALL0000792,2543,41,557,612.6,17,7.88,4,16.52,42.56,41.52,26,0,50.92,0
CALL0000053,64,302,58,79.2,100,86.21,54,66.02,62.54,48.47,157,26,40.07,1
CALL0000879,2100,48,360,50.0,3,25.23,5,34.43,28.09,1.2,55,1,64.03,0
CALL0000338,1650,30,639,421.3,9,25.34,6,19.91,37.62,35.33,87,4,88.22,0
CALL0000749,3097,27,165,206.3,16,9.75,3,30.43,14.78,16.95,83,1,73.48,0
CALL0000720,2374,44,723,539.1,19,23.01,7,30.99,39.23,19.96,12,4,63.98,0
CALL0000725,783,37,603,306.5,5,21.84,4,17.71,22.38,16.54,179,4,61.57,0
CALL0000296,2808,30,49,555.1,9,13.14,1,22.62,22.12,24.83,195,3,59.29,0
CALL0000702,2480,8,761,226.5,3,24.02,0,31.9,21.63,4.37,150,7,51.97,0
CALL0000252,3264,42,860,158.9,8,5.05,1,27.81,11.35,11.23,181,7,77.64,0
CALL0000727,3204,28,536,154.9,2,29.62,6,1.87,30.57,42.38,132,6,91.61,0
CALL0000462,1874,41,648,210.3,17,9.07,1,54.37,42.58,24.94,261,7,86.41,0
CALL0000456,2526,18,217,155.8,9,11.87,1,11.75,6.72,33.89,59,6,59.18,0
CALL0000997,1805,7,463,661.3,6,11.55,2,20.43,33.7,34.01,3,4,91.8,0
CALL0000816,1330,45,687,602.1,18,19.46,1,24.21,0.48,29.08,108,3,99.11,0
CALL0000863,3254,3,843,60.6,7,27.34,2,29.1,25.51,12.76,103,5,98.82,0
CALL0000270,1717,30,503,145.5,12,21.81,7,43.16,17.32,28.08,29,4,85.71,0
CALL0000202,781,44,208,594.8,7,16.42,4,9.36,23.96,30.73,105,2,64.28,0
CALL0000162,86,646,52,81.5,331,30.9,89,70.75,73.38,45.14,947,26,18.4,1
CALL0000556,597,12,268,596.6,5,15.32,1,28.46,3.08,20.47,32,5,51.67,0
CALL0000730,3539,21,151,544.1,4,18.33,7,30.35,27.01,3.82,273,2,73.67,0
CALL0000402,3433,34,325,445.4,14,18.54,2,4.5,32.87,43.96,172,7,55.93,0
CALL0000703,2000,13,145,637.8,5,7.33,6,24.86,16.59,9.25,68,2,50.72,0
CALL0000477,2701,36,285,625.0,8,0.32,5,31.36,21.36,5.04,227,7,51.52,0
CALL0000822,2221,48,835,265.8,1,1.29,7,20.17,30.26,25.79,290,5,96.67,0
CALL0000772,2066,20,249,317.3,7,16.41,4,25.82,3.9,37.24,178,5,57.97,0
CALL0000106,78,915,1,53.2,435,42.53,83,63.69,54.69,75.19,183,22,54.8,1
CALL0000566,2567,32,430,656.9,5,1.74,0,4.6,3.15,14.24,46,4,69.83,0
CALL0000390,2896,41,786,82.7,13,18.74,2,33.2,19.99,46.6,250,1,83.86,0
CALL0000002,52,1283,66,11.0,298,86.38,52,81.59,41.99,74.72,902,22,9.58,1
CALL0000938,1639,3,103,118.6,16,13.49,2,44.56,18.71,49.71,136,7,68.21,0
CALL0000983,466,12,868,477.8,8,17.13,6,47.83,7.46,33.74,109,2,91.2,0
CALL0000562,3183,7,401,348.4,8,8.55,6,13.19,11.15,14.57,183,6,56.22,0
CALL0000081,81,1028,40,9.3,288,84.41,108,70.83,62.06,75.69,545,32,13.57,1
CALL0000206,1451,36,869,367.5,1,14.53,7,14.75,13.49,33.01,120,7,71.85,0
CALL0000035,108,663,76,82.8,144,58.42,97,58.46,39.06,50.62,524,28,23.76,1
CALL0000776,409,1,756,602.9,4,4.98,6,9.69,37.84,39.31,265,4,51.42,0
CALL0000509,3522,13,312,262.4,13,14.14,1,4.81,17.44,16.74,208,2,52.69,0
CALL0000428,3190,13,632,447.5,14,20.33,4,31.09,26.71,39.22,130,7,92.37,0
CALL0000455,3200,48,152,110.0,6,22.71,5,22.39,22.96,11.14,213,2,90.11,0
CALL0000367,458,12,785,184.9,19,18.35,7,11.44,21.74,13.11,296,7,96.42,0
CALL0000092,93,723,92,12.6,57,37.63,51,46.46,40.07,65.85,336,35,19.55,1
CALL0000340,506,21,54,293.5,5,12.71,5,40.13,10.72,12.96,210,2,58.76,0
CALL0000898,444,9,684,165.0,17,20.32,1,34.91,32.26,32.18,21,2,85.53,0
CALL0000565,464,9,74,127.1,19,29.96,1,11.09,31.66,32.78,88,4,97.24,0
CALL0000346,675,17,846,567.4,14,9.53,0,21.65,11.85,2.3,4,7,69.92,0
CALL0000777,762,1,818,181.0,14,3.22,0,31.41,31.59,23.18,20,3,81.4,0
CALL0000242,1052,46,244,604.2,12,11.87,2,38.98,1.84,1.99,102,4,69.87,0
CALL0000014,88,1471,39,63.3,233,65.03,77,86.61,60.77,74.69,799,20,11.31,1
CALL0000316,981,42,589,131.9,19,29.18,6,32.91,22.72,26.82,186,4,51.8,0
CALL0000601,1990,41,411,587.7,19,15.0,0,52.58,39.4,39.19,260,2,94.67,0
CALL0000388,2010,24,68,381.4,2,19.5,7,15.78,33.95,31.28,226,2,81.75,0
CALL0000274,1052,36,718,103.8,11,16.98,4,30.92,26.4,10.39,60,1,50.13,0
CALL0000167,101,1343,96,94.5,364,58.61,88,59.71,65.47,40.15,504,33,28.49,1
CALL0000841,1341,24,509,108.4,14,21.49,3,29.45,12.72,47.85,111,5,54.42,0
CALL0000993,1243,2,459,337.3,16,23.98,6,26.58,31.0,4.64,256,4,91.94,0
CALL0000647,778,38,558,573.5,12,26.88,3,7.3,9.83,12.83,166,0,98.83,0
CALL0000819,2858,41,398,271.9,5,29.48,3,25.48,32.18,11.42,209,6,62.62,0
CALL0000485,2438,8,852,272.4,3,27.31,5,2.75,23.98,35.28,256,1,60.58,0
CALL0000981,1340,35,862,378.9,17,13.72,2,17.74,3.63,43.92,291,4,64.4,0
CALL0000505,3478,44,158,418.3,12,1.73,4,15.47,0.12,8.57,14,3,83.79,0
CALL0000832,3094,1,407,242.4,7,9.42,0,45.6,8.72,30.34,5,3,91.07,0
CALL0000244,2131,16,157,105.3,4,25.65,2,50.68,37.42,49.32,159,5,97.31,0
CALL0000567,2920,11,276,494.5,18,17.4,2,54.92,8.8,0.11,119,2,60.84,0
CALL0000876,1032,30,259,523.8,14,5.61,4,49.82,30.06,48.08,267,0,95.32,0
CALL0000563,2712,36,524,247.1,7,8.44,3,12.44,23.99,31.48,145,4,92.8,0
CALL0000687,1413,23,261,75.6,1,6.05,4,23.17,31.89,33.5,86,7,87.64,0
CALL0000190,96,1379,43,75.8,292,89.46,94,62.23,60.16,67.9,480,30,52.61,1
CALL0000783,3355,11,786,60.5,15,19.52,0,7.12,2.85,27.77,10,4,89.12,0
CALL0000700,1586,2,321,228.9,5,29.3,6,8.29,10.21,30.72,247,0,81.13,0
CALL0000476,2158,33,243,311.6,2,15.19,5,42.83,15.3,39.74,106,6,58.41,0
CALL0000682,900,11,812,200.5,9,13.86,2,41.84,28.8,35.54,166,3,54.7,0
CALL0000511,2654,38,775,587.3,6,9.22,5,42.38,16.04,28.58,80,1,83.0,0
CALL0000059,73,379,15,88.9,366,86.35,72,83.53,61.3,49.21,271,29,51.56,1
CALL0000475,1270,22,801,317.3,14,12.38,5,28.82,24.52,5.55,117,7,50.01,0
CALL0000561,2923,13,587,300.0,7,17.44,5,9.41,42.71,26.54,13,1,90.86,0
CALL0000857,2010,40,637,50.7,19,25.18,1,8.07,20.23,2.49,69,7,57.17,0
CALL0000748,2075,9,438,317.3,6,15.17,6,51.22,18.73,9.01,57,5,83.9,0
CALL0000253,2574,21,743,145.7,19,21.23,1,7.66,36.29,2.92,282,5,72.48,0
CALL0000022,2,1382,24,99.1,102,66.75,81,82.72,47.42,86.13,266,28,43.93,1
CALL0000314,2875,17,510,345.1,6,14.6,3,4.54,28.08,47.01,149,1,89.54,0
CALL0000460,3084,41,655,340.4,13,6.93,1,42.14,42.2,22.87,6,4,90.51,0
CALL0000161,104,758,34,86.6,229,73.63,60,83.3,88.39,65.05,166,17,19.92,1
CALL0000277,3383,1,416,416.2,6,11.45,6,46.53,37.64,22.84,259,4,77.69,0
CALL0000956,1334,19,787,353.0,18,20.34,5,16.76,3.35,16.03,180,4,93.33,0
CALL0000192,94,227,12,70.7,89,55.76,83,88.3,57.95,50.53,998,35,3.14,1
CALL0000386,2613,17,522,449.8,15,12.25,2,23.56,42.02,19.13,222,7,68.18,0
CALL0000806,1350,26,236,549.6,17,27.93,7,43.81,22.56,25.9,46,2,91.49,0
CALL0000414,2139,37,679,653.9,19,0.73,4,51.52,17.09,8.17,276,2,92.31,0
CALL0000492,2390,44,370,370.3,16,11.64,0,46.42,38.42,6.45,210,4,76.54,0
CALL0000344,207,22,97,411.9,11,17.17,2,27.2,43.16,13.53,266,5,76.82,0
CALL0000770,2697,45,121,354.0,18,13.11,1,52.92,28.86,43.23,253,1,65.24,0
CALL0000309,2623,19,163,594.8,15,10.16,0,6.26,22.44,17.36,199,3,51.65,0
CALL0000662,979,45,697,249.7,15,5.85,1,7.11,8.91,43.58,264,1,91.31,0
CALL0000131,108,1400,101,98.6,322,37.81,80,92.8,63.18,65.42,934,15,45.38,1
CALL0000664,929,44,661,321.2,14,29.25,3,27.19,17.63,4.97,8,0,79.4,0
CALL0000872,1615,41,796,647.0,1,22.72,4,51.3,22.04,10.03,167,0,62.9,0
CALL0000100,100,1160,23,23.1,105,79.68,95,92.17,94.95,59.37,347,27,52.69,1
CALL0000373,3176,11,300,150.4,14,15.49,2,39.73,20.79,38.49,236,2,89.4,0
CALL0000088,54,1421,19,2.1,386,82.61,66,74.76,95.73,46.44,747,24,30.53,1
CALL0000459,2520,44,449,679.2,16,22.3,5,50.43,32.19,30.92,192,5,54.21,0
CALL0000331,2474,27,108,231.1,14,3.66,2,25.42,3.95,20.07,187,7,97.28,0
CALL0000215,2210,17,430,83.8,1,21.25,0,46.17,18.66,16.29,255,7,76.48,0
CALL0000467,3140,36,895,425.6,18,1.82,7,9.47,43.75,20.36,222,6,52.08,0
CALL0000122,29,1013,69,46.1,276,78.8,107,55.35,95.37,71.07,213,25,35.33,1
CALL0000615,927,40,478,463.0,18,23.48,6,48.59,27.23,14.99,126,5,50.05,0
CALL0000021,53,1072,25,80.9,311,63.2,63,84.78,86.5,71.48,387,14,53.27,1
CALL0000701,2629,34,364,511.1,14,28.64,4,16.99,11.64,39.7,166,4,72.97,0
CALL0000072,92,759,68,9.4,267,38.07,101,43.11,68.53,86.94,647,37,16.37,1
CALL0000107,87,307,111,99.3,414,92.68,72,89.43,52.22,72.2,505,13,20.26,1
CALL0000271,397,7,497,272.7,18,3.73,3,22.07,6.94,4.84,271,7,89.92,0
CALL0000861,1642,21,857,461.9,1,5.86,4,39.33,19.77,7.58,93,4,83.79,0
CALL0000436,787,47,538,233.1,11,6.22,3,54.49,36.59,5.93,284,2,95.45,0
CALL0000103,48,108,117,97.0,77,67.45,107,98.36,90.89,73.24,732,30,8.19,1
